are you living in Punjab?,Pin code or Constituency,locality,priority_1,specify other priority,why_priority,priority2,specify other priority2,why_priority2
Yes,121000,,Livelihood / Livelihood/Employment,,NA,Livelihood / Livelihood/Employment,,Livelihood / Livelihood/Employment
‡§π‡§æ‡§Å,120022,,Other,Test,NA,"Civic services (Garbage, bad roads etc)",,"Civic services (Garbage, bad roads etc)"
Yes,Idk,Patiala,"Civic services (Garbage, bad roads etc)",,"BecauseCivic services (Garbage, bad roads etc)are so bad",Education,,Education
Yes,140001,,Other,Old pension scheme for employees,NA,Livelihood / Livelihood/Employment,,Livelihood / Livelihood/Employment
‡®π‡®æ‡®Ç,148105,,Drug addiction,,Na,Drug addiction,,Drug addiction
2,Mypunjab,,Education,,Education is a thing who everyone person in punjab purchase normally,Education,,Education
Yes,146023,,Drug addiction,,"There are a number of issues with Drug addiction‚Ä¶
Firstly here in Bajwara Hoshiarpur there is smuggling of drugs going on with the help of police which is wrong and second if our youth will take drugs they will never start doing work or Livelihood/Employment.",Drug addiction,,Drug addiction
Yes,Idk,Patiala post office Sanour,Livelihood / Livelihood/Employment,,Because many people in my locality is un employment,Livelihood / Livelihood/Employment,,Livelihood / Livelihood/Employment
‡®π‡®æ‡®Ç,145026,,Drug addiction,,Na,"Civic services (Garbage, bad roads etc)",,"Civic services (Garbage, bad roads etc)"
Yes,Phagwara pin code 144401,,Education,,Please improve the education structure and reduce the employment,Mypunjab,,Mypunjab
‡®π‡®æ‡®Ç,151001,,Livelihood / Livelihood/Employment,,Bathida ik ejeha shehar hai jithe birujgar hi hd paar ho chukki hai .nojwaan berojgaar hon karn nshe vl vd rhe han jids nl boht nuksaan ho reha hai.sadiya sarkara nu.chahida hai ki nshe nu khtm kitta jave te berojgaari jld to jld khtm kitti jave jiss nal sada punjab no.1 subba bn ske,Livelihood / Livelihood/Employment,,Livelihood / Livelihood/Employment
‡®π‡®æ‡®Ç,144201,,Livelihood / Livelihood/Employment,,Na,Livelihood / Livelihood/Employment,,Livelihood / Livelihood/Employment
‡®π‡®æ‡®Ç,144514,,Livelihood / Livelihood/Employment,,https://filemanager.gupshup.io/fm/wamedia/RBGlificAPI/e0062cf2-1acc-4f9d-a4a6-c41728f7525c,https://filemanager.gupshup.io/fm/wamedia/RBGlificAPI/9709b69d-b0ec-40e3-983c-efa6744456a7,,https://filemanager.gupshup.io/fm/wamedia/RBGlificAPI/9709b69d-b0ec-40e3-983c-efa6744456a7
‡®π‡®æ‡®Ç,Mypunjab,,Education,,Kyo ki sade Hlake ch govt study di lor hai ta jo poor bache bi vadia par sakn and vadia study thore rate te milan,Agriculture reforms,,Agriculture reforms
Yes,Mypunjab,,Education,,Yes,Education,,Education
‡®π‡®æ‡®Ç,144224,,,,Na,Voice note,,Voice note
‡®π‡®æ‡®Ç,147001,,Livelihood / Livelihood/Employment,,Na,Education,,Education
‡®π‡®æ‡®Ç,Hoshiarpur 146001,,Livelihood / Livelihood/Employment,,‡®≤‡©ã‡®ï‡©Ä‡®Ç ‡®µ‡®ø‡®π‡®≤‡©á ‡®π‡©ã ‡®ï‡©á ‡®®‡®∏‡®º‡©á ‡®µ‡©±‡®≤ ‡®ú‡®º‡®ø‡®Ü‡®¶‡®æ ‡®§‡©Å‡®∞ ‡®™‡®è ‡®π‡®® ‡®Ö‡®§‡©á ‡®≤‡©ã‡®ï‡®æ‡®Ç ‡®¶‡®æ ‡®∞‡©Å‡®ù‡®æ‡®® ‡®¨‡®æ‡®π‡®∞ ‡®µ‡©±‡®≤ ‡®ú‡®º‡®ø‡®Ü‡®¶‡®æ ‡®π‡©ã ‡®∞‡®ø‡®π‡®æ‡•§,"Civic services (Garbage, bad roads etc)",,"Civic services (Garbage, bad roads etc)"
Yes,146001,,Education,,"Govt college of Hoshiarpur need to renovate , building is very dirty , classes should be clean , no one is there is clean spider üï∏Ô∏è, teachers are not taking classes regularly . They only take classes once or twice a week . Our money and time are wasting .",Education,,Education
Yes,146001,,Other,Mypunjab,Health care system to be upgraded,Livelihood / Livelihood/Employment,,Livelihood / Livelihood/Employment
‡®π‡®æ‡®Ç,152117,,Livelihood / Livelihood/Employment,,Because their is a  lot of unemploymed youth yet 70percent youth with age20-25age still depend on their parents so please solve the Livelihood/Employment problem,Livelihood / Livelihood/Employment,,Livelihood / Livelihood/Employment
Yes,Kapurthala,,Livelihood / Livelihood/Employment,,Education,Livelihood / Livelihood/Employment,,Livelihood / Livelihood/Employment
Yes,146001,,Livelihood / Livelihood/Employment,,Because most of the youngsters are unemployed,Livelihood / Livelihood/Employment,,Livelihood / Livelihood/Employment
‡®π‡®æ‡®Ç,144211,,Drug addiction,,na,Livelihood / Livelihood/Employment,,Livelihood / Livelihood/Employment
Yes,144205,,Education,,"Higher education like B. ED, phd is not available in govt colleges in our area if we get admission in private colleges or universities there is a lot of money is needed",I think higher education must be available at low cost,,I think higher education must be available at low cost
Yes,146022,,Livelihood / Livelihood/Employment,,Hoshiarpur,Livelihood / Livelihood/Employment,,Livelihood / Livelihood/Employment
‡®π‡®æ‡®Ç,Patiala ja 147001,,Education,,Need to develop more,Education,,Education
Yes,Idk,Bhilowal katcha,Livelihood / Livelihood/Employment,,,Livelihood / Livelihood/Employment,,Livelihood / Livelihood/Employment
‡®π‡®æ‡®Ç,140401,,Livelihood / Livelihood/Employment,,Na,Livelihood / Livelihood/Employment,,Livelihood / Livelihood/Employment
Yes,141015,,Livelihood / Livelihood/Employment,,Many begger are still begging because of Livelihood/Employment,Livelihood / Livelihood/Employment,,Livelihood / Livelihood/Employment
Yes,144106,,Livelihood / Livelihood/Employment,,Livelihood/Employment,Livelihood / Livelihood/Employment,,Livelihood / Livelihood/Employment
‡®π‡®æ‡®Ç,151201,,Livelihood / Livelihood/Employment,,Na,Optipns,,Optipns
Yes,Yes I know,,Education,,Yeah because education should be free for everyone. Colleges fees should be less for everyone. Specialiy for girls nd not should be discrimination regarding  obc category and general category ( everything should be equal in the colleges for everyone) and if sc category can get education free then why not obc and general category??????,Education,,Education
Yes,patiala 140401,,Education,,in rajpura dist patiala there is only one icse board due to this parents are getting depressed for their child future,Education,,Education
‡®π‡®æ‡®Ç,144105,,Drug addiction,,‡®∏‡®≠ ‡®ï‡©Å‡®ù ‡®∏‡®π‡©Ä ‡®ï‡®∞‡©ã ‡®™‡©Ç‡®∞‡©á ‡®™‡©∞‡®ú‡®æ‡®¨ ‡®µ‡®ø‡©±‡®ö ‡®™‡®µ‡®æ ‡®â‡®π ‡®∏‡©ú‡®ï‡®æ‡®Ç ‡®π‡©ã‡®£ ‡®ú‡®æ Education ‡®§‡©á ‡®®‡®∂‡©á ‡®¨‡©∞‡®¶ ‡®ï‡®∞‡©ã,Drug addiction,,Drug addiction
‡§®‡§æ,,,,,,,,
Yes,idk,Nurpur,Education,,Ys No best hospital and education centre for poor people,Medical facility,,Medical facility
‡®®‡®æ‡®Ç‡®π,,,,,,,,
Yes,Amritsar north,,Drug addiction,,Na,Agriculture reforms,,Agriculture reforms
Yes,Idk,Jalandhar,Livelihood / Livelihood/Employment,,Na,Livelihood / Livelihood/Employment,,Livelihood / Livelihood/Employment
Yes,Idk,Jalandar,Livelihood / Livelihood/Employment,,NA,Other,Single message,Other
No,,,,,,,,
‡§π‡§æ‡§Å,Idk,Sathiala (asr),Drug addiction,,Na,Drug addiction,,Drug addiction
Yes,151001,,Education,,NA,Livelihood / Livelihood/Employment,,Livelihood / Livelihood/Employment
No,,,,,,,,
Yes,Garhshankar,,Livelihood / Livelihood/Employment,,Livelihood/Employment is the main problem and rising other major issues,Livelihood / Livelihood/Employment,,Livelihood / Livelihood/Employment
Yes,147001,,Education,,The tutors are not present in the class,Education,,Education
‡®π‡®æ‡®Ç,143115 Amritsar,,"Civic services (Garbage, bad roads etc)",,Na,"Civic services (Garbage, bad roads etc)",,"Civic services (Garbage, bad roads etc)"
Yes,Idk,Gurdaspur,Livelihood / Livelihood/Employment,,There are some many people who are unemployed ....bcoz of this they u drugs ..so i want that government should focus on that,Livelihood / Livelihood/Employment,,Livelihood / Livelihood/Employment
Yes,143001,,Drug addiction,,youth are not going for Livelihood/Employmentns,hi,,hi
Yes,143001,,Drug addiction,,youth are not going for Livelihood/Employmentns,hi,,hi
‡®π‡®æ‡®Ç,144514,,Education,,Na,"Civic services (Garbage, bad roads etc)",,"Civic services (Garbage, bad roads etc)"
Yes,143001,,Drug addiction,,it destabilises internal security,Livelihood / Livelihood/Employment,,Livelihood / Livelihood/Employment
‡®π‡®æ‡®Ç,142001,,Livelihood / Livelihood/Employment,,https://filemanager.gupshup.io/fm/wamedia/RBGlificAPI/bf42dafa-7ef7-4958-860a-2e5e862ec398,Other,https://filemanager.gupshup.io/fm/wamedia/RBGlificAPI/3d34b545-ee75-439c-b579-c8c34e4b77bc,Other
‡§π‡§æ‡§Å,143001,,Drug addiction,,destabilizes economy,Livelihood/Employment,,Livelihood/Employment
No,,,,,,,,
Yes,Gurdaspur north or 143525,,Education,,Dso ki karne sir,Livelihood/Employment,,Livelihood/Employment
‡®π‡®æ‡®Ç,‡®¶‡©Ä‡®®‡®æ‡®®‡®ó‡®∞ 143531,,"Civic services (Garbage, bad roads etc)",,Na,Education,,Education
Yes,152024,,"Civic services (Garbage, bad roads etc)",,"Civic services (Garbage, bad roads etc)are bad cleanliness is zero",Education,,Education
‡®π‡®æ‡®Ç,‡®¶‡©Ä‡®®‡®æ‡®®‡®ó‡®∞ 143531,,Education,,Yes,"Civic services (Garbage, bad roads etc)",,"Civic services (Garbage, bad roads etc)"
Yes,147101,,Livelihood / Livelihood/Employment,,Drug addiction,Education,,Education
‡§π‡§æ‡§Å,idk,Nanagal,Livelihood / Livelihood/Employment,,Livelihood/Employment,Livelihood/Employment,,Livelihood/Employment
‡®π‡®æ‡®Ç,Balachaur 144521,,Drug addiction,,https://filemanager.gupshup.io/fm/wamedia/RBGlificAPI/920e1682-7653-4260-8656-76a5e276ef37,https://filemanager.gupshup.io/fm/wamedia/RBGlificAPI/592a0b74-1224-4a47-a7d8-bf12c4741587,,https://filemanager.gupshup.io/fm/wamedia/RBGlificAPI/592a0b74-1224-4a47-a7d8-bf12c4741587
‡®π‡®æ‡®Ç,Balachaur 144521,,Drug addiction,,https://filemanager.gupshup.io/fm/wamedia/RBGlificAPI/a840aa73-bc07-45e2-bbff-7ef0b94d3dbc,Livelihood / Livelihood/Employment,,Livelihood / Livelihood/Employment
‡§®‡§æ,,,,,,,,
Yes,No,,Livelihood / Livelihood/Employment,,Na,Education,,Education
Yes,idk,mukerian,Livelihood / Livelihood/Employment,,we need aa Livelihood/Employment ...,Education,,Education
Yes,146001,,Education,,"I am a student in Govt College 
The main problem that me and my friends are facing is lack of teacher's interest in teaching‚Ä¢ There is lack of teachers too and many a times we feel like wasting our time in college as Teachers are present in college but don't take their lectures and at last we students have to suffer",Livelihood / Livelihood/Employment,,Livelihood / Livelihood/Employment
Yes,Idk,Kapurthala,Education,,NA,Education,,Education
Yes,idk,Kapurthala,Education,,NA,Education,,Education
Yes,146001,,Livelihood / Livelihood/Employment,,Because only people with money bribe the officials and take tge Livelihood/Employment there is less employement in accordance to the degree holders and that why all are rushing to foriegb countries this problem should be solved in order to make pujab independent and developed state,Education,,Education
‡®π‡®æ‡®Ç,152123,,Livelihood / Livelihood/Employment,,Na,Nasha,,Nasha
Yes,146001,,Education,,NA,Livelihood / Livelihood/Employment,,Livelihood / Livelihood/Employment
‡®π‡®æ‡®Ç,143110,,Livelihood / Livelihood/Employment,,‡®π‡®≤‡®ï‡©á ‡®∞‡®æ‡®ú‡®∏‡®æ‡®∏‡©Ä ‡®ú‡®ø‡®≤‡©á ‡®Ö‡®Æ‡©ç‡®∞‡®ø‡®§‡®∏‡®∞,‡®∞‡©Å‡®ú‡®º‡®ó‡®æ‡®∞ ‡®¶‡®æ,,‡®∞‡©Å‡®ú‡®º‡®ó‡®æ‡®∞ ‡®¶‡®æ
‡®π‡®æ‡®Ç,Khadoor sahib,,Livelihood / Livelihood/Employment,,https://filemanager.gupshup.io/fm/wamedia/RBGlificAPI/d0a91331-5c45-4fb0-9285-20eda6da58d2,Agriculture reforms,,Agriculture reforms
‡®π‡®æ‡®Ç,142031,,Drug addiction,,Na,Livelihood / Livelihood/Employment,,Livelihood / Livelihood/Employment
‡®π‡®æ‡®Ç,146105,,Livelihood / Livelihood/Employment,,‡®Æ‡©à‡®Ç ‡®Ü‡®∞‡®Æ‡©Ä ‡®≠‡®∞‡®§‡©Ä ‡®¶‡©Ä ‡®§‡®ø‡®Ü‡®∞‡©Ä ‡®ï‡®∞‡®¶‡®æ ‡®∏‡©Ä ‡®¶‡®ø‡®® ‡®∞‡®æ‡®§ ‡®ó‡®∞‡®æ‡®â‡®° ‡®ö ‡®Æ‡®ø‡®π‡®®‡®§ ‡®ï‡®∞‡®¶‡®æ ‡®∏‡©Ä ‡®ú‡®¶ ‡®Ü‡®∞‡®Æ‡©Ä ‡®¶‡©Ä ‡®≠‡®∞‡®§‡©Ä ‡®Ü‡®à ‡®§‡®æ‡®Ç ‡®∏‡®æ‡®∞‡©á ‡®ü‡©à‡®∏‡®ü ‡®™‡®æ‡®∏ ‡®π‡©ã ‡®ó‡®ø‡®Ü ‡®∏‡©Ä 200 ‡®®‡©∞‡®¨‡®∞ ‡®ö‡©ã 188 ‡®®‡©∞‡®¨‡®∞ ‡®Ü‡®è ‡®´‡®ø‡®∞ ‡®µ‡©Ä ‡®≠‡®∞‡®§‡©Ä ‡®®‡®π‡©Ä‡®Ç ‡®π‡©ã ‡®™‡®æ‡®á‡®Ü ‡®∏‡®∞‡®ï‡®æ‡®∞ ‡®®‡©á ‡®∏‡®æ‡®°‡®æ ‡®π‡®ø‡©∞‡®¶‡©Ç ‡®°‡©ã‡®ó‡®∞‡®æ ‡®∏‡®∞‡®ü‡©Ä‡®´‡®º‡®ø‡®ï‡©á‡®ü ‡®¨‡®£‡®®‡®æ ‡®¨‡©∞‡®¶ ‡®ï‡®ø‡©±‡®§‡®æ ‡®∏‡©Ä ‡®ú‡®ø‡®∏ ‡®ï‡®∞‡®ï‡©á ‡®Æ‡©à‡®Ç ‡®ì‡®µ‡®∞ ‡®è‡®ú ‡®π‡©ã ‡®ó‡®ø‡®Ü ‡®´‡®ø‡®∞ ‡®ú‡®¶‡©ã‡®Ç ‡®µ‡©ã‡®ü‡®æ‡®Ç ‡®Ü‡®à‡®Ü‡®Ç ‡®§‡®æ‡®Ç ‡®π‡®ø‡©∞‡®¶‡©Ç ‡®°‡©ã‡®ó‡®∞‡®æ ‡®∏‡®∞‡®ü‡©Ä‡®´‡®º‡®ø‡®ï‡©á‡®ü  ‡®¨‡®£‡®æ‡®â‡®£‡®æ ‡®∏‡®º‡©Å‡®∞‡©Ç ‡®ï‡®∞ ‡®¶‡®ø‡©±‡®§‡®æ ‡®™‡®∞ ‡®ú‡®¶‡©ã‡®Ç ‡®≤‡®º‡©ã‡©ú ‡®∏‡©Ä ‡®â‡®∏ ‡®ü‡®æ‡®à‡®Æ ‡®¨‡®£‡®æ‡®á‡®Ü‡®Ç ‡®®‡©Ä ‡®π‡©Å‡®£ ‡®Æ‡©á‡®∞‡®æ ‡®¨‡®£‡®æ ‡®¶‡®ø‡©±‡®§‡®æ ‡®∏‡®∞‡®ü‡©Ä‡®´‡®º‡®ø‡®ï‡©á‡®ü ‡®™‡®∞ ‡®π‡©Å‡®£ ‡®ì‡®µ‡®∞ ‡®è‡®ú ‡®π‡©ã ‡®ó‡®ø‡®Ü ‡®π‡®æ‡®Ç ‡®ú‡®ø‡®∏ ‡®ï‡®æ‡®∞‡®® ‡®Æ‡©à‡®®‡©Ç‡©∞ ‡®∞‡©ã‡®ú‡®º‡®ó‡®æ‡®∞ ‡®¶‡©Ä ‡®≤‡©ã‡©ú ‡®π‡©à ‡®ò‡®∞ ‡®µ‡®ø‡©±‡®ö ‡®¨‡®π‡©Å‡®§ ‡®ó‡®∞‡©Ä‡®¨‡©Ä ‡®π‡©à,Education,,Education
Yes,144205,,Livelihood / Livelihood/Employment,,Well educated persons have no Livelihood/Employment,Other,Na,Other
‡®π‡®æ‡®Ç,144205,,Livelihood / Livelihood/Employment,,Livelihood/Employments de related,"Civic services (Garbage, bad roads etc)",,"Civic services (Garbage, bad roads etc)"
No,,,,,,,,
Yes,147001,,Livelihood / Livelihood/Employment,,Na,Drug addiction,,Drug addiction
Yes,idk,chandigarh,Education,,NA,Livelihood / Livelihood/Employment,,Livelihood / Livelihood/Employment
Yes,145101,,Livelihood / Livelihood/Employment,,All the educated youngsters have nothing to do for earning their livelihood government should creat Livelihood/Employment opportunities,Education,,Education
‡®π‡®æ‡®Ç,Pta ni,,Education,,Study,Education,,Education
‡®π‡®æ‡®Ç,‡®ó‡©Å‡®∞‡®¶‡®æ‡®∏‡®™‡©Å‡®∞ ‡®ú‡®æ‡®Ç 143533,,Livelihood / Livelihood/Employment,,"‡®ï‡®ø‡®â‡®Ç‡®ï‡®ø ‡®≤‡©ã‡®ï ‡®µ‡©á‡®π‡®≤‡©á ‡®¨‡©à‡®†‡©á ‡®π‡®® ‡®Ö‡®§‡©á ‡®Æ‡©Å‡©∞‡®°‡©á ‡®¨‡©Ä ‡®è, ‡®¨‡©Ä ‡®Ö‡©à‡®∏ ‡®∏‡©Ä , ‡®ï‡®∞‡®ï‡©á ‡®ò‡®∞ ‡®¨‡®æ‡®π‡®≤‡©á ‡®¨‡©à‡®†‡©á ‡®π‡®®‡•§",Drug addiction,,Drug addiction
‡®π‡®æ‡®Ç,‡®°‡©á‡®∞‡®æ ‡®¨‡©±‡®∏‡©Ä 140507,,Education,,‡®∏‡®ï‡©Ç‡®≤‡®æ‡®Ç ‡®µ‡®ø‡©±‡®ö ‡®ö‡©∞‡®ó‡©á ‡®Ö‡®ß‡®ø‡®Ü‡®™‡®ï‡®æ‡®Ç ‡®¶‡©Ä ‡®ò‡®æ‡®ü ‡®ï‡®æ‡®∞‡®® ‡®™‡©ú‡©ç‡®π‡®æ‡®à ‡®ñ‡®∞‡®æ‡®¨ ‡®π‡©ã ‡®∞‡®π‡©Ä ‡®π‡©à ‡®∏‡®∞‡®ï‡®æ‡®∞‡©Ä ‡®∏‡®ï‡©Ç‡®≤ ‡®¶‡©á ‡®Æ‡©Å‡®ï‡®æ‡®¨‡®≤‡©á ‡®™‡©ç‡®∞‡®æ‡®à‡®µ‡©á‡®ü ‡®∏‡®ï‡©Ç‡®≤‡®æ‡®Ç ‡®¶‡©Ä ‡®∏‡©∞‡®ñ‡®ø‡®Ü ‡®µ‡®ø‡©±‡®ö ‡®µ‡®æ‡®ß‡®æ,"Civic services (Garbage, bad roads etc)",,"Civic services (Garbage, bad roads etc)"
Yes,147001,,Livelihood / Livelihood/Employment,,"lots of children not getting Livelihood/Employment here ,for making their future set they go to abroador  to the developing countries for earn lots of money and live there happy life there .. main reason is that they get money for every hour they work ... here students study alot but didnot get Livelihood/Employments ..","Civic services (Garbage, bad roads etc)",,"Civic services (Garbage, bad roads etc)"
Yes,147201,,Education,,NA,Livelihood / Livelihood/Employment,,Livelihood / Livelihood/Employment
2,Yes,,Drug addiction,,Na,Drug addiction,,Drug addiction
Yes,144207,,Livelihood / Livelihood/Employment,,NA,Agriculture reforms,,Agriculture reforms
Yes,146024,,Livelihood / Livelihood/Employment,,No of student have done their higher study but still than no Livelihood/Employment,Education,,Education
Yes,144514,,Livelihood / Livelihood/Employment,,Na,Livelihood / Livelihood/Employment,,Livelihood / Livelihood/Employment
‡§®‡§æ,,,,,,,,
Yes,146001,,Livelihood / Livelihood/Employment,,https://filemanager.gupshup.io/fm/wamedia/RBGlificAPI/6abe0b84-e951-4623-94e0-59b2e7da5b65,Education,,Education
Yes,Hoshiarpur 146001,,Education,,Education in private schools are very expensive and in government schools standard of education is very low,Other,Crouption,Other
Yes,141109,,"Civic services (Garbage, bad roads etc)",,"Yes,in our own area we have to suffer from these difficulties as no sweeper come to street to clean our area and drainage system is not available till now",Drug addiction,,Drug addiction
‡®π‡®æ‡®Ç,143602,,Education,,Govt college ch staaf da changa rkho,Drug addiction,,Drug addiction
‡§®‡§æ,,,,,,,,
Ha,Jj,,Livelihood / Livelihood/Employment,,Na,Other,Yes,Other
No,,,,,,,,
No,,,,,,,,
‡§®‡§æ,@results.pin_constituency,@results.locality,@results.priority_1,@results.other_priority,@results.why_priority,@results.priority2,@results.other_prio2,@results.priority2
‡®π‡®æ‡®Ç,144205,@results.locality,Livelihood/Employment,@results.other_priority,I think punjab education ke mamle mai bahut low Stand kr raha hai jisse hme rujgaar nhii milta that reason,Other,MyPunjab,Other
No,@results.pin_constituency,@results.locality,@results.priority_1,@results.other_priority,@results.why_priority,@results.priority2,@results.other_prio2,@results.priority2
Yes,Na,@results.locality,Ok,@results.other_priority,By,By,@results.other_prio2,By
‡®π‡®æ‡®Ç,‡®¶‡©Ä‡®®‡®æ‡®®‡®ó‡®∞ 143531,@results.locality,Education,@results.other_priority,Yes,"Civic services (Garbage, bad roads etc)",@results.other_prio2,"Civic services (Garbage, bad roads etc)"
‡®π‡®æ‡®Ç,Idk,Amritsar,Livelihood/Employment,@results.other_priority,Na,Tusi Ho kon,@results.other_prio2,Tusi Ho kon
‡®π‡®æ‡®Ç,No,@results.locality,"Civic services (Garbage, bad roads etc)",@results.other_priority,Na,Livelihood/Employment,@results.other_prio2,Livelihood/Employment
‡§®‡§æ,@results.pin_constituency,@results.locality,@results.priority_1,@results.other_priority,@results.why_priority,@results.priority2,@results.other_prio2,@results.priority2
No,@results.pin_constituency,@results.locality,@results.priority_1,@results.other_priority,@results.why_priority,@results.priority2,@results.other_prio2,@results.priority2
‡®π‡®æ‡®Ç,MyPunjab,@results.locality,145023,@results.other_priority,Drug addiction,Livelihood/Employment,@results.other_prio2,Livelihood/Employment
‡®®‡®æ‡®Ç‡®π,@results.pin_constituency,@results.locality,@results.priority_1,@results.other_priority,@results.why_priority,@results.priority2,@results.other_prio2,@results.priority2
‡®π‡®æ‡®Ç,140601,@results.locality,Education,@results.other_priority,Na,Agriculture reforms,@results.other_prio2,Agriculture reforms
No,@results.pin_constituency,@results.locality,@results.priority_1,@results.other_priority,@results.why_priority,@results.priority2,@results.other_prio2,@results.priority2
‡§π‡§æ‡§Å,146001,@results.locality,Livelihood/Employment,@results.other_priority,Na,"Civic services (Garbage, bad roads etc)",@results.other_prio2,"Civic services (Garbage, bad roads etc)"
‡®π‡®æ‡®Ç,146001,@results.locality,Livelihood/Employment,@results.other_priority,Na,Livelihood/Employment,@results.other_prio2,Livelihood/Employment
‡®π‡®æ‡®Ç,143401,@results.locality,Livelihood/Employment,@results.other_priority,Bhut ne,Drug addiction,@results.other_prio2,Drug addiction
Yes,Na,@results.locality,Education,@results.other_priority,Na,Education,@results.other_prio2,Education
‡®π‡®æ‡®Ç,151501,@results.locality,Other,Livelihood/Employments,Na,Livelihood/Employment,@results.other_prio2,Livelihood/Employment
‡®π‡®æ‡®Ç,Idk,Adamwal,Livelihood/Employment,@results.other_priority,Na,Drug addiction,@results.other_prio2,Drug addiction
‡®π‡®æ‡®Ç,140507,@results.locality,Livelihood/Employment,@results.other_priority,"‡®®‡©ã‡®ú‡®µ‡®æ‡®® 2,3 ‡®∏‡®æ‡®≤‡®æ  ‡®§‡©ã‡®Ç ‡®¨‡®π‡©Å‡®§ ‡®Æ‡®ø‡®π‡®®‡®§ ‡®ï‡®∞ ‡®∞‡®π‡©á ‡®®‡©á ‡®ï‡®ø ‡®ï‡©ã‡®à ‡®®‡©ã‡®ï‡®∞‡©Ä ‡®Æ‡®ø‡®≤‡©á",Education,@results.other_prio2,Education
‡®π‡®æ‡®Ç,146001,@results.locality,Livelihood/Employment,@results.other_priority,Na,Other,https://filemanager.gupshup.io/fm/wamedia/RBGlificAPI/70ddc1f5-2ef7-497c-a83e-92e53939cc0d,Other
Yes,Dasuya pin 144216,@results.locality,Livelihood/Employment,@results.other_priority,There is not any source of income.there is not any hospital.,Other,Health,Other
‡§π‡§æ‡§Å,145001,@results.locality,Drug addiction,@results.other_priority,NA,Livelihood/Employment,@results.other_prio2,Livelihood/Employment
Yes,144221,@results.locality,Education,@results.other_priority,NA,Other,Hello,Other
Yes,Na,@results.locality,Education,@results.other_priority,Na,"Civic services (Garbage, bad roads etc)",@results.other_prio2,"Civic services (Garbage, bad roads etc)"
‡®π‡®æ‡®Ç,148018,@results.locality,Livelihood/Employment,@results.other_priority,https://filemanager.gupshup.io/fm/wamedia/RBGlificAPI/c0d2801f-dcd3-42df-ac5e-13621d67dc17,Education,@results.other_prio2,Education
No,@results.pin_constituency,@results.locality,@results.priority_1,@results.other_priority,@results.why_priority,@results.priority2,@results.other_prio2,@results.priority2
‡§π‡§æ‡§Å,145023,@results.locality,Livelihood/Employment,@results.other_priority,Rojgar hoga toh nasha b kam hoga,Drug addiction,@results.other_prio2,Drug addiction
‡®π‡®æ‡®Ç,Idk,vill .harse mansar teh mukerian,Livelihood/Employment,@results.other_priority,Na,Education,@results.other_prio2,Education
‡®π‡®æ‡®Ç,148018,@results.locality,"Civic services (Garbage, bad roads etc)",@results.other_priority,https://filemanager.gupshup.io/fm/wamedia/RBGlificAPI/81bd0268-af37-45c9-a10c-a4872986cfe2,https://filemanager.gupshup.io/fm/wamedia/RBGlificAPI/c30ae45d-3c6f-472c-ac9d-7130dfdf2889,@results.other_prio2,https://filemanager.gupshup.io/fm/wamedia/RBGlificAPI/c30ae45d-3c6f-472c-ac9d-7130dfdf2889
‡®π‡®æ‡®Ç,143601,@results.locality,Drug addiction,@results.other_priority,Yes sir boys bhut nasha krde ne,"Civic services (Garbage, bad roads etc)",@results.other_prio2,"Civic services (Garbage, bad roads etc)"
‡®π‡®æ‡®Ç,Sujanpur (145023),@results.locality,Livelihood/Employment,@results.other_priority,Sara munda vehla ha,Drug addiction,@results.other_prio2,Drug addiction
‡§π‡§æ‡§Å,"Ward no. 7,  mukerian punjab",@results.locality,Education,@results.other_priority,Na,Education,@results.other_prio2,Education
‡§π‡§æ‡§Å,147001,@results.locality,Livelihood/Employment,@results.other_priority,NA,Education,@results.other_prio2,Education
‡§®‡§æ,@results.pin_constituency,@results.locality,@results.priority_1,@results.other_priority,@results.why_priority,@results.priority2,@results.other_prio2,@results.priority2
‡®π‡®æ‡®Ç,143001,@results.locality,Livelihood/Employment,@results.other_priority,https://filemanager.gupshup.io/fm/wamedia/RBGlificAPI/8d3c5b6b-cca3-414a-8795-10c4e311b097,Other,https://filemanager.gupshup.io/fm/wamedia/RBGlificAPI/cd9f9a24-ddbf-4e94-ab8c-896822f57925,Other
‡§π‡§æ‡§Å,147003,@results.locality,Livelihood/Employment,@results.other_priority,Ajivika/Ronjgar very important,Education,@results.other_prio2,Education
‡®π‡®æ‡®Ç,145025,@results.locality,Livelihood/Employment,@results.other_priority,sir asi covid volunteered ha sanu varat ke sadiya hai sanu Livelihood/Employment diti jave,"Civic services (Garbage, bad roads etc)",@results.other_prio2,"Civic services (Garbage, bad roads etc)"
‡®π‡®æ‡®Ç,151401,@results.locality,Drug addiction,@results.other_priority,"‡®¨‡®π‡©Å‡®§ ‡®π‡©Ä ‡®õ‡©ã‡®ü‡©Ä ‡®â‡®Æ‡®∞ ‡®¶‡©á ‡®®‡©å‡®ú‡®µ‡®æ‡®® ‡®Ö‡®§‡©á ‡®Æ‡©Å‡®ü‡®ø‡®Ü‡®∞‡®æ‡®Ç ‡®ú‡®ø‡®®‡©ç‡®π‡®æ‡®Ç ‡®¶‡©Ä ‡®â‡®Æ‡®∞ 20‡®∏‡®æ‡®≤ ‡®§‡©ã‡®Ç ‡®µ‡©Ä ‡®ò‡©±‡®ü ‡®π‡©à ‡®®‡®∏‡®§‡©á ‡®ï‡®∞‡®¶‡©á ‡®π‡®® ‡®â‡®∏‡®¶‡®æ ‡®µ‡©±‡®°‡®æ ‡®ï‡®æ‡®∞‡®® ‡®®‡®∏‡®º‡©á ‡®¶‡©Ä ‡®∏‡®º‡®∞‡©á‡®Ü‡®Æ ‡®µ‡®ø‡®ï‡®∞‡©Ä ‡®π‡©à‡•§‡®®‡®∏‡®º‡©á ‡®®‡©Ç‡©∞ ‡®ú‡®≤‡®¶‡©Ä ‡®§‡©ã‡®Ç ‡®ú‡®≤‡®¶‡©Ä ‡®∞‡®®‡®æ ‡®∞‡©ã‡®ï‡®ø‡®Ü ‡®ó‡®ø‡®Ü ‡®§‡®æ‡®Ç ‡®á‡®π ‡®á‡®ï ‡®™‡©Ä‡©ú‡©ç‡®π‡©Ä ‡®®‡©Ç‡©∞ ‡®¨‡®ø‡®≤‡®ï‡©Å‡©±‡®≤ ‡®ñ‡®§‡®Æ ‡®ï‡®∞ ‡®¶‡©á‡®µ‡©á‡®ó‡®æ ‡®ú‡®ø‡®∏‡®¶‡®æ ‡®®‡®§‡©Ä‡®ú‡®æ ‡®¨‡®π‡©Å‡®§ ‡®¨‡©Å‡®∞‡®æ ‡®π‡©ã‡®µ‡©á‡®ó‡®æ‡•§
‡®ß‡©∞‡®®‡®µ‡®æ‡®¶",Livelihood/Employment,@results.other_prio2,Livelihood/Employment
‡®π‡®æ‡®Ç,147001,@results.locality,Livelihood/Employment,@results.other_priority,https://filemanager.gupshup.io/fm/wamedia/RBGlificAPI/1a401b26-a713-4180-af8e-c97d9d473bef,Drug addiction,@results.other_prio2,Drug addiction
‡®π‡®æ‡®Ç,144211,@results.locality,Education,@results.other_priority,School vich vikas hona chida ha or  full city clean honi chauda ha,Agriculture reforms,@results.other_prio2,Agriculture reforms
Yes,144208,@results.locality,Livelihood/Employment,@results.other_priority,Ns,"Civic services (Garbage, bad roads etc)",@results.other_prio2,"Civic services (Garbage, bad roads etc)"
2,Yes,@results.locality,Other,Ok,Aa hai ki aa g,ü§¶‚Äç‚ôÇÔ∏èü§¶‚Äç‚ôÇÔ∏èü§¶‚Äç‚ôÇÔ∏èü§¶‚Äç‚ôÇÔ∏è,@results.other_prio2,ü§¶‚Äç‚ôÇÔ∏èü§¶‚Äç‚ôÇÔ∏èü§¶‚Äç‚ôÇÔ∏èü§¶‚Äç‚ôÇÔ∏è
‡®π‡®æ‡®Ç,Halka bhoa,@results.locality,145025,@results.other_priority,Rozghar,Road s,@results.other_prio2,Road s
‡®π‡®æ‡®Ç,146001,@results.locality,Livelihood/Employment,@results.other_priority,Kiuki greb nu koi moka nhi milda agay an nu Jay rojgar hon gay ta sanu koi free de kanek de lod nhi,Agriculture reforms,@results.other_prio2,Agriculture reforms
‡§π‡§æ‡§Å,idk,Kapurthala sheikhupur,Drug addiction,@results.other_priority,https://filemanager.gupshup.io/fm/wamedia/RBGlificAPI/a620161d-f4f0-427c-b239-374583ea995e,Drug addiction,@results.other_prio2,Drug addiction
‡®π‡®æ‡®Ç,Idk,Khalwan dona,Education,@results.other_priority,Life li bhut jaruri aa study,Education,@results.other_prio2,Education
‡®π‡®æ‡®Ç,144221,@results.locality,Livelihood/Employment,@results.other_priority,https://filemanager.gupshup.io/fm/wamedia/RBGlificAPI/638a1436-4372-43ad-acf5-867f898e2d11,Education,@results.other_prio2,Education
Yes,141004,@results.locality,Livelihood/Employment,@results.other_priority,NA,"Civic services (Garbage, bad roads etc)",@results.other_prio2,"Civic services (Garbage, bad roads etc)"
Yes,Yes,@results.locality,Education,@results.other_priority,I will reply after some time,Education,@results.other_prio2,Education
‡§®‡§æ,@results.pin_constituency,@results.locality,@results.priority_1,@results.other_priority,@results.why_priority,@results.priority2,@results.other_prio2,@results.priority2
No,@results.pin_constituency,@results.locality,@results.priority_1,@results.other_priority,@results.why_priority,@results.priority2,@results.other_prio2,@results.priority2
‡§®‡§æ,@results.pin_constituency,@results.locality,@results.priority_1,@results.other_priority,@results.why_priority,@results.priority2,@results.other_prio2,@results.priority2
Yes,141016,@results.locality,Education,@results.other_priority,There is lack of sports and practical activity in both Pseb and cbse school,Education,@results.other_prio2,Education
Yes,144221,@results.locality,"Civic services (Garbage, bad roads etc)",@results.other_priority,And a park is missing in the area,Public parks,@results.other_prio2,Public parks
Yes,Na,@results.locality,Education,@results.other_priority,Na,Education,@results.other_prio2,Education
‡§®‡§æ,@results.pin_constituency,@results.locality,@results.priority_1,@results.other_priority,@results.why_priority,@results.priority2,@results.other_prio2,@results.priority2
Yes,Na,@results.locality,Education,@results.other_priority,In government school No facility available like good classroom or teacher ate not coming in time,Education,@results.other_prio2,Education
‡®π‡®æ‡®Ç,SAS nagar Mohali,@results.locality,Livelihood/Employment,@results.other_priority,Na,Livelihood/Employment,@results.other_prio2,Livelihood/Employment
‡§π‡§æ‡§Å,140401,@results.locality,Other,Crapction,education,Livelihood/Employment,@results.other_prio2,Livelihood/Employment
Ha,144422,@results.locality,Livelihood/Employment,@results.other_priority,https://filemanager.gupshup.io/fm/wamedia/RBGlificAPI/9feb2496-e260-4606-9e99-d60b5892ddbd,Drug addiction,@results.other_prio2,Drug addiction
‡®π‡®æ‡®Ç,141401,@results.locality,Education,@results.other_priority,Fess of private school is so high and in government school there will be no facility's are available,Other,Lack of sports opportunity,Other
Yes,Na,@results.locality,Education,@results.other_priority,NA,No,@results.other_prio2,No
Ha,144222,@results.locality,Education,@results.other_priority,https://filemanager.gupshup.io/fm/wamedia/RBGlificAPI/dc93e936-cacf-4c25-881f-f285455b39af,https://filemanager.gupshup.io/fm/wamedia/RBGlificAPI/da23732e-704d-460c-b921-c805508974b1,@results.other_prio2,https://filemanager.gupshup.io/fm/wamedia/RBGlificAPI/da23732e-704d-460c-b921-c805508974b1
‡®π‡®æ‡®Ç,Dusuya 14422,@results.locality,Livelihood/Employment,@results.other_priority,144222,https://filemanager.gupshup.io/fm/wamedia/RBGlificAPI/e52745c2-66b3-40ef-a9bc-1eafcad13b5f,@results.other_prio2,https://filemanager.gupshup.io/fm/wamedia/RBGlificAPI/e52745c2-66b3-40ef-a9bc-1eafcad13b5f
No,@results.pin_constituency,@results.locality,@results.priority_1,@results.other_priority,@results.why_priority,@results.priority2,@results.other_prio2,@results.priority2
‡§π‡§æ‡§Å,141401,@results.locality,Agriculture reforms,@results.other_priority,Education,Education,@results.other_prio2,Education
‡®π‡®æ‡®Ç,148033,@results.locality,Livelihood/Employment,@results.other_priority,Kyu ki boys and girls ‡®¨‡©á‡®∞‡©Å‡®ú‡®º‡®ó‡®æ‡®∞ ‡®®‡©á ‡®á‡®∏ ‡®ï‡®∞‡®ï‡©á ‡®∞‡©Å‡®ú‡®º‡®ó‡®æ‡®∞ ‡®Æ‡©Å‡®π‡©±‡®à‡®Ü ‡®ï‡®∞‡®µ‡®æ‡®â‡®£ ‡®ö‡®æ‡®π‡©Ä‡®¶‡®æ ‡®π‡©à,Drug addiction,@results.other_prio2,Drug addiction
‡®π‡®æ‡®Ç,143531,@results.locality,Drug addiction,@results.other_priority,https://filemanager.gupshup.io/fm/wamedia/RBGlificAPI/8666185b-8996-463a-8a16-9cda83edb0c8,https://filemanager.gupshup.io/fm/wamedia/RBGlificAPI/9f5f1ff6-1632-4e3e-9148-14737278a6b5,@results.other_prio2,https://filemanager.gupshup.io/fm/wamedia/RBGlificAPI/9f5f1ff6-1632-4e3e-9148-14737278a6b5
‡®π‡®æ‡®Ç,148028,@results.locality,Livelihood/Employment milni chahiye,@results.other_priority,Na,‡®¨‡©á‡®∞‡©ã‡®ú‡®ó‡®æ‡®∞‡©Ä ‡©ô‡®§‡®Æ,@results.other_prio2,‡®¨‡©á‡®∞‡©ã‡®ú‡®ó‡®æ‡®∞‡©Ä ‡©ô‡®§‡®Æ
2,‡§π‡§æ‡§Å,@results.locality,‡§®‡§æ,@results.other_priority,Education,Other,byyyyyyyy,Other
‡§π‡§æ‡§Å,Jharoli 143533,@results.locality,Berojgaari,@results.other_priority,Education,Livelihood/Employment,@results.other_prio2,Livelihood/Employment
‡§π‡§æ‡§Å,Idk,Pathankot,Livelihood/Employment,@results.other_priority,Na,Drug addiction,@results.other_prio2,Drug addiction
‡®π‡®æ‡®Ç,144205,@results.locality,"Civic services (Garbage, bad roads etc)",@results.other_priority,https://filemanager.gupshup.io/fm/wamedia/RBGlificAPI/2b23a357-4560-4010-a0ad-d242ca9873bd,Livelihood/Employment,@results.other_prio2,Livelihood/Employment
‡®π‡®æ‡®Ç,Idk,Dasuya,Livelihood/Employment,@results.other_priority,Because bhot lokk a Jo berojgaar aa jide krke khuch lokk apna ghr nai chla pa re te  na rojgaar hon krke glt kma ch pa re,Education,@results.other_prio2,Education
Yes,143001,@results.locality,Education,@results.other_priority,Skip,Other,Please CTI patiale chu open krwa do please Delhi bhut door pyndi a,Other
‡§®‡§æ,@results.pin_constituency,@results.locality,@results.priority_1,@results.other_priority,@results.why_priority,@results.priority2,@results.other_prio2,@results.priority2
‡®π‡®æ‡®Ç,Pathankot 145001,@results.locality,Livelihood/Employment,@results.other_priority,Na,Drug addiction,@results.other_prio2,Drug addiction
‡®π‡®æ‡®Ç,144623,@results.locality,Drug addiction,@results.other_priority,Na,Livelihood/Employment,@results.other_prio2,Livelihood/Employment
‡®π‡®æ‡®Ç,143521,@results.locality,Livelihood/Employment,@results.other_priority,Na,Other,Drug addiction,Other
‡®π‡®æ‡®Ç,143521,@results.locality,Livelihood/Employment,@results.other_priority,AP ne jo bola clear bolna smj nhi ayi,Livelihood/Employment,@results.other_prio2,Livelihood/Employment
‡®π‡®æ‡®Ç,Idk,Batala,Drug addiction,@results.other_priority,Na,Livelihood/Employment,@results.other_prio2,Livelihood/Employment
‡§π‡§æ‡§Å,idk,Gurunanak pura near kot khalsa amritsar,Drug addiction,@results.other_priority,Na,Education,@results.other_prio2,Education
‡®π‡®æ‡®Ç,143009,@results.locality,Livelihood/Employment,@results.other_priority,Nasha khatam hou te loka de ghr sukhi rehnge ni te nasha kr kr k loka dia mava de put put to pio da sayea ht janda bche rul jande,Livelihood/Employment,@results.other_prio2,Livelihood/Employment
Bro tum fraud to nhi kar rhe,Ok,@results.locality,Nice,@results.other_priority,Fine,Thanks,@results.other_prio2,Thanks
‡§π‡§æ‡§Å,152118,@results.locality,Livelihood/Employment,@results.other_priority,NA,Education,@results.other_prio2,Education
‡®π‡®æ‡®Ç,144205,@results.locality,Livelihood/Employment,@results.other_priority,Corruption,Education,@results.other_prio2,Education
‡§®‡§æ,@results.pin_constituency,@results.locality,@results.priority_1,@results.other_priority,@results.why_priority,@results.priority2,@results.other_prio2,@results.priority2
Yes,144001,@results.locality,Education,@results.other_priority,Because in the private schools the education is very costly,Livelihood/Employment,@results.other_prio2,Livelihood/Employment
‡§π‡§æ‡§Å,144211,@results.locality,Livelihood/Employment,@results.other_priority,Na,Education,@results.other_prio2,Education
Yes,Yes,@results.locality,what,@results.other_priority,Which spep,Not show sp,@results.other_prio2,Not show sp
‡®π‡®æ‡®Ç,143521,@results.locality,Drug addiction,@results.other_priority,Ji,Agriculture reforms,@results.other_prio2,Agriculture reforms
‡§π‡§æ‡§Å,144514,@results.locality,Other,Livelihood/Employment,NA,Education,@results.other_prio2,Education
2,Yes,@results.locality,Education,@results.other_priority,Na,Drug addiction,@results.other_prio2,Drug addiction
No,@results.pin_constituency,@results.locality,@results.priority_1,@results.other_priority,@results.why_priority,@results.priority2,@results.other_prio2,@results.priority2
‡§π‡§æ‡§Å,Mohali 160059,@results.locality,Other,https://filemanager.gupshup.io/fm/wamedia/RBGlificAPI/94bf6d1a-4cf2-4764-86ec-59ec45440bc8,https://filemanager.gupshup.io/fm/wamedia/RBGlificAPI/6544efbe-80b5-4b04-89dd-db0e13371922,Drug addiction,@results.other_prio2,Drug addiction
Yes,144221,@results.locality,"Civic services (Garbage, bad roads etc)",@results.other_priority,District,Agriculture reforms,@results.other_prio2,Agriculture reforms
‡§π‡§æ‡§Å,146001,@results.locality,Livelihood/Employment,@results.other_priority,Livelihood/Employment must important,Drug addiction,@results.other_prio2,Drug addiction
‡§π‡§æ‡§Å,Jalandhar north 144027,@results.locality,Livelihood/Employment,@results.other_priority,Na,Drug addiction,@results.other_prio2,Drug addiction
‡®π‡®æ‡®Ç,147203,@results.locality,Drug addiction,@results.other_priority,Na,"Civic services (Garbage, bad roads etc)",@results.other_prio2,"Civic services (Garbage, bad roads etc)"
‡§π‡§æ‡§Å,143001,@results.locality,Drug addiction,@results.other_priority,NA,Livelihood/Employment,@results.other_prio2,Livelihood/Employment
‡®π‡®æ‡®Ç,144514,@results.locality,Other,https://filemanager.gupshup.io/fm/wamedia/RBGlificAPI/f666245c-8e4d-477b-a5ff-8a84a4a53a54,https://filemanager.gupshup.io/fm/wamedia/RBGlificAPI/7b5c8cc3-c3b2-4d49-89ac-0ca833b3f247,Livelihood/Employment,@results.other_prio2,Livelihood/Employment
‡®π‡®æ‡®Ç,144223,@results.locality,Agriculture reforms,@results.other_priority,‡®Ö‡®µ‡®æ‡®∞‡®æ ‡®™‡®∏‡®º‡©Ç‡®Ü‡®Ç ‡®¶‡©Å‡®Ü‡®∞‡®æ ‡®ï‡©Ä‡®§‡©Ä ‡®ú‡®æ‡®Ç‡®¶‡©Ä ‡®§‡®¨‡®æ‡®π‡©Ä....... ‡®ñ‡®æ‡®≤‡©Ä ‡®∞‡®π‡®ø ‡®∞‡®π‡©á ‡®ñ‡©á‡®§....,"Civic services (Garbage, bad roads etc)",@results.other_prio2,"Civic services (Garbage, bad roads etc)"
‡§π‡§æ‡§Å,146001,@results.locality,Education,@results.other_priority,Na,Livelihood/Employment,@results.other_prio2,Livelihood/Employment
Yes,Amritsar central  or143001,@results.locality,"Civic services (Garbage, bad roads etc)",@results.other_priority,Dog hai oh garbage nu bikher dende hai,Education,@results.other_prio2,Education
‡®π‡®æ‡®Ç,143505,@results.locality,Livelihood/Employment,@results.other_priority,Na,Livelihood/Employment,@results.other_prio2,Livelihood/Employment
No,@results.pin_constituency,@results.locality,@results.priority_1,@results.other_priority,@results.why_priority,@results.priority2,@results.other_prio2,@results.priority2
Yes,Abohar 152116,@results.locality,Livelihood/Employment,@results.other_priority,Na,Drug addiction,@results.other_prio2,Drug addiction
Yes,Right,@results.locality,Education,@results.other_priority,Right,Education,@results.other_prio2,Education
‡§π‡§æ‡§Å,‡§®‡§æ,@results.locality,Education,@results.other_priority,Na,Other,Pata nahi,Other
‡®π‡®æ‡®Ç,140307,@results.locality,Livelihood/Employment,@results.other_priority,Na,Drug addiction,@results.other_prio2,Drug addiction
‡®π‡®æ‡®Ç,‡®¶‡®∏‡©Ç‡®π‡®æ 144222,@results.locality,Livelihood/Employment,@results.other_priority,‡®ï‡®ø‡®â‡®Ç‡®ï‡®ø ‡®∏‡®æ‡®°‡©á ‡®ñ‡©á‡®§‡®∞ ‡®µ‡®ø‡©±‡®ö ‡®≤‡©ã‡®ï ‡®∏‡®ø‡®∞‡®´‡®º ‡®ñ‡©á‡®§‡©Ä '‡®§‡©á ‡®®‡®ø‡®∞‡®≠‡®∞ ‡®π‡®®‡•§ ‡®á‡©±‡®•‡©á ‡®ï‡©ã‡®à ‡®µ‡©Ä ‡®ï‡©à‡®∞‡©Ä‡®Ö‡®∞ ‡®â‡®™‡®≤‡®¨‡®ß ‡®®‡®π‡©Ä‡®Ç ‡®π‡©à,Livelihood/Employment,@results.other_prio2,Livelihood/Employment
‡®π‡®æ‡®Ç,152122,@results.locality,Livelihood/Employment,@results.other_priority,‡®®‡©å‡®ï‡®∞‡©Ä‡®Ü‡®Ç ‡®¶‡©Ä ‡®ó‡®æ‡®ü,"Civic services (Garbage, bad roads etc)",@results.other_prio2,"Civic services (Garbage, bad roads etc)"
‡®π‡®æ‡®Ç,144517,@results.locality,Drug addiction,@results.other_priority,Na,Livelihood/Employment,@results.other_prio2,Livelihood/Employment
‡®π‡®æ‡®Ç,No,@results.locality,School bare,@results.other_priority,Bus ni h pind ch ek School government School,"Civic services (Garbage, bad roads etc)",@results.other_prio2,"Civic services (Garbage, bad roads etc)"
‡®π‡®æ‡®Ç,"182 balwana
Churi wala dhanna",@results.locality,Education,@results.other_priority,Na,Drug addiction,@results.other_prio2,Drug addiction
‡®π‡®æ‡®Ç,Fathegarh Sahib 140406,@results.locality,Livelihood/Employment,@results.other_priority,This place is no any requirement then more then person Livelihood/Employment less,Education,@results.other_prio2,Education
‡®π‡®æ‡®Ç,Gurdaspur 143521,@results.locality,Livelihood/Employment,@results.other_priority,So many people Livelihood/Employment,Drug addiction,@results.other_prio2,Drug addiction
‡§®‡§æ,@results.pin_constituency,@results.locality,@results.priority_1,@results.other_priority,@results.why_priority,@results.priority2,@results.other_prio2,@results.priority2
‡§®‡§æ,@results.pin_constituency,@results.locality,@results.priority_1,@results.other_priority,@results.why_priority,@results.priority2,@results.other_prio2,@results.priority2
‡®π‡®æ‡®Ç,143505,@results.locality,Other,Livelihood/Employments,‡®ï‡®ø‡®â‡®Ç ‡®ï‡©Ä ‡®¨‡©á‡®∞‡©Å‡®ú‡®º‡®ó‡®æ‡®∞‡©Ä ‡®¨‡®π‡©Å‡®§ ‡®π‡©à,"Civic services (Garbage, bad roads etc)",@results.other_prio2,"Civic services (Garbage, bad roads etc)"
Yes,Ludhiana141108,@results.locality,Livelihood/Employment,@results.other_priority,Na,Education,@results.other_prio2,Education
‡§π‡§æ‡§Å,Idk,Hajipur,Livelihood/Employment,@results.other_priority,Na,"Civic services (Garbage, bad roads etc)",@results.other_prio2,"Civic services (Garbage, bad roads etc)"
‡§π‡§æ‡§Å,Mypunjab,@results.locality,Mypunjab,@results.other_priority,Hi,Hi,@results.other_prio2,Hi
‡®π‡®æ‡®Ç,144401,@results.locality,Livelihood/Employment,@results.other_priority,‡®∞‡©á‡©ú‡©Ä ‡®µ‡®æ‡®≤‡®ø‡®Ü ‡®¶‡®æ ‡®™‡®ï‡®æ ‡®™‡®∞‡®≠‡©∞‡®ß ‡®π‡©ã‡®µ‡©á‡•§,Education,@results.other_prio2,Education
Yes,na,@results.locality,Education,@results.other_priority,The 100% scholarship is provided to sc students only to help them for their higher studies. What about remaining students who wants to study further what financially they are not strong,Livelihood/Employment,@results.other_prio2,Livelihood/Employment
‡§π‡§æ‡§Å,120000,@results.locality,Agriculture reforms,@results.other_priority,Test,"Civic services (Garbage, bad roads etc)",@results.other_prio2,"Civic services (Garbage, bad roads etc)"
‡®π‡®æ‡®Ç,‡®∂‡®æ‡®Æ ‡®ö‡©Å‡®∞‡®æ‡®∏‡©Ä,@results.locality,Livelihood/Employment,@results.other_priority,Na,Education,@results.other_prio2,Education
‡®π‡®æ‡®Ç,143521,@results.locality,Education,@results.other_priority,Na,Education,@results.other_prio2,Education
‡§π‡§æ‡§Å,146001,@results.locality,Livelihood/Employment,@results.other_priority,https://filemanager.gupshup.io/fm/wamedia/RBGlificAPI/0461a965-5cd5-40ee-a633-df1dae8a3a48,Livelihood/Employment,@results.other_prio2,Livelihood/Employment
Yes,143001,@results.locality,.,@results.other_priority,Livelihood/Employment,Livelihood/Employment,@results.other_prio2,Livelihood/Employment
‡§®‡§æ,@results.pin_constituency,@results.locality,@results.priority_1,@results.other_priority,@results.why_priority,@results.priority2,@results.other_prio2,@results.priority2
‡§π‡§æ‡§Å,143505,@results.locality,"Civic services (Garbage, bad roads etc)",@results.other_priority,NA,"Civic services (Garbage, bad roads etc)",@results.other_prio2,"Civic services (Garbage, bad roads etc)"
‡§π‡§æ‡§Å,14001,@results.locality,Road,@results.other_priority,Yadi aap Road per kam karne ke liye Daud ki taiyari karne ke liye Swasth group se taiyar Ham to aapko FIR Aage Sal agale 5 varshon ke bad board mil sakta hai main road per chalne ke liye Lo karna Jaane Se ghabrate Hain isliye aapko Road banvana chahie,Shivraj main Munda Hai Ki Galiyon Mein Pani Sasti hai aur vahan se aana jana Jane Se log Karte rahte hain isiliye mudde ko aap sabse main Suraj Ki Pani nikalne ka nikal karvayen,@results.other_prio2,Shivraj main Munda Hai Ki Galiyon Mein Pani Sasti hai aur vahan se aana jana Jane Se log Karte rahte hain isiliye mudde ko aap sabse main Suraj Ki Pani nikalne ka nikal karvayen
‡®π‡®æ‡®Ç,144221,@results.locality,"Civic services (Garbage, bad roads etc)",@results.other_priority,Na,Education,@results.other_prio2,Education
No,@results.pin_constituency,@results.locality,@results.priority_1,@results.other_priority,@results.why_priority,@results.priority2,@results.other_prio2,@results.priority2
Sanu nokri chaidi,https://tinyurl2.ru/m554884975/,@results.locality,"Civic services (Garbage, bad roads etc)",@results.other_priority,Hlo,"Civic services (Garbage, bad roads etc)",@results.other_prio2,"Civic services (Garbage, bad roads etc)"
‡®π‡®æ‡®Ç,141204,@results.locality,Drug addiction,@results.other_priority,na,Livelihood/Employment,@results.other_prio2,Livelihood/Employment
Yes,144205,@results.locality,Lectures in Government colleges should be taken properly and regular,@results.other_priority,Because it is future of Punjab,Give jobs to the unemployed people,@results.other_prio2,Give jobs to the unemployed people
No,@results.pin_constituency,@results.locality,@results.priority_1,@results.other_priority,@results.why_priority,@results.priority2,@results.other_prio2,@results.priority2
‡®π‡®æ‡®Ç,146109,@results.locality,Education,@results.other_priority,Na,Livelihood/Employment,@results.other_prio2,Livelihood/Employment
‡®π‡®æ‡®Ç,‡®Æ‡©Ç‡®®‡®ï 148033,@results.locality,Other,‡®≠‡®∞‡®∂‡®ü‡®æ‡®ö‡®æ‡®∞,rishvat khori boht jyada h ....telent km ni aunda paissa km onda aj de tym ch,Livelihood/Employment,@results.other_prio2,Livelihood/Employment
‡®π‡®æ‡®Ç,140,@results.locality,Livelihood/Employment,@results.other_priority,dedo nokri hun ta,MyPunjab,@results.other_prio2,MyPunjab
‡®π‡®æ‡®Ç,Ghanour,@results.locality,Beruggari,@results.other_priority,Education,Na,@results.other_prio2,Na
‡®π‡®æ‡®Ç,104101,@results.locality,Education,@results.other_priority,Livelihood/Employment,Livelihood/Employment,@results.other_prio2,Livelihood/Employment
‡®π‡®æ‡®Ç,Kharar pincod 140301,@results.locality,Education,@results.other_priority,Na,Livelihood/Employment,@results.other_prio2,Livelihood/Employment
‡®π‡®æ‡®Ç,144001,@results.locality,Livelihood/Employment,@results.other_priority,Apna Punjab ch 60 to 70 look  barojghar na ta aj kal da bacha parh lekh ka ve job de tlash vich na pr unna nu job nhi mildi why,?,@results.other_prio2,?
‡®π‡®æ‡®Ç,Firozepur 152002,@results.locality,Livelihood/Employment,@results.other_priority,Na,Education,@results.other_prio2,Education
‡®π‡®æ‡®Ç,Patiala 147001,@results.locality,Education,@results.other_priority,Because ajj kal lok jayda private school val janda a ja apna sarkari school hi vadia ban java ta kharcha v bach java ga,Livelihood/Employment,@results.other_prio2,Livelihood/Employment
‡®π‡®æ‡®Ç,144521,@results.locality,Livelihood/Employment,@results.other_priority,https://filemanager.gupshup.io/fm/wamedia/RBGlificAPI/36f60ca6-b14f-4e78-8aa3-a45c7bb961ef,Education,@results.other_prio2,Education
‡®π‡®æ‡®Ç,144803,@results.locality,Education,@results.other_priority,Ha,Drug addiction,@results.other_prio2,Drug addiction
‡®π‡®æ‡®Ç,144803,@results.locality,Education,@results.other_priority,Ha,Drug addiction,@results.other_prio2,Drug addiction
‡®π‡®æ‡®Ç,140117,@results.locality,MyPunjab,@results.other_priority,MyPunjab,Livelihood/Employment,@results.other_prio2,Livelihood/Employment
‡®π‡®æ‡®Ç,Shri Chamkor Sahib 140101,@results.locality,Livelihood/Employment,@results.other_priority,Berujgaari boht jyada wa well qualified students kol koe income source nhi wa,Education,@results.other_prio2,Education
‡®π‡®æ‡®Ç,ldk,@results.locality,Livelihood/Employment,@results.other_priority,Na,Drug addiction,@results.other_prio2,Drug addiction
‡®π‡®æ‡®Ç,144003 pin code,@results.locality,Education,@results.other_priority,https://filemanager.gupshup.io/fm/wamedia/RBGlificAPI/ec764d97-e08b-4541-9c55-7d6a55b1bcb4,Education,@results.other_prio2,Education
‡®π‡®æ‡®Ç,MyPunjab,@results.locality,"Civic services (Garbage, bad roads etc)",@results.other_priority,Na,Livelihood/Employment,@results.other_prio2,Livelihood/Employment
‡®π‡®æ‡®Ç,143602,@results.locality,Drug addiction,@results.other_priority,‡®®‡®æ,Livelihood/Employment,@results.other_prio2,Livelihood/Employment
Yes,144003,@results.locality,Education,@results.other_priority,https://filemanager.gupshup.io/fm/wamedia/RBGlificAPI/e0f84206-2d3a-4bf5-8032-21a2385fe256,Drug addiction,@results.other_prio2,Drug addiction
‡®π‡®æ‡®Ç,151001,@results.locality,Education,@results.other_priority,Na,Livelihood/Employment,@results.other_prio2,Livelihood/Employment
‡®π‡®æ‡®Ç,Punjab 140001,@results.locality,Livelihood/Employment,@results.other_priority,"‡®∞‡©Å‡®ú‡®º‡®ó‡®æ‡®∞ ‡®®‡®æ ‡®π‡©ã‡®£ ‡®ï‡®æ‡®∞‡®® ‡®π‡©Ä ‡®®‡©å‡®ú‡®µ‡®æ‡®® ‡®ó‡®≤‡®§ ‡®∞‡®∏‡®§‡©á ‡®§‡©á ‡®ú‡®æ ‡®∞‡®π‡©á ‡®π‡®®‡•§ ‡®¨‡©á‡®∞‡©Å‡©õ‡®ó‡®æ‡®∞‡©Ä ‡®ï‡®∞‡®ï‡©á ‡®π‡©Ä ‡®≤‡©ã‡®ï ‡®®‡®∂‡©á, ‡®ö‡©ã‡®∞‡©Ä ‡®Ü‡®¶‡®ø ‡®Ö‡®ú‡®ø‡®π‡©á ‡®Ö‡®™‡®∞‡®æ‡®ß ‡®ï‡®∞‡®¶‡©á ‡®π‡®®‡•§","Civic services (Garbage, bad roads etc)",@results.other_prio2,"Civic services (Garbage, bad roads etc)"
‡®π‡®æ‡®Ç,147202,@results.locality,Livelihood/Employment,@results.other_priority,Na,Education,@results.other_prio2,Education
‡®π‡®æ‡®Ç,147104,@results.locality,Livelihood/Employment,@results.other_priority,‡®ï‡®ø‡®â‡®ï‡®ø ‡®∏‡®æ‡®°‡©á ‡®π‡®≤‡®ï‡©á ‡®µ‡®ø‡©±‡®ö ‡®¨‡©á‡®∞‡©Å‡®ú‡®ó‡®æ‡®∞‡©Ä ‡®ú‡®æ‡®à‡®¶‡®æ ‡®π‡©à ‡®ú‡®ø‡®∏ ‡®ï‡®∞‡®ï‡©á ‡®Ø‡©Ç‡®• ‡®°‡®∞‡©±‡®ó ‡®µ‡©±‡®≤ ‡®ú‡®æ ‡®∞‡®π‡©Ä ‡®Ü ‡®∏‡®¨ ‡®®‡©Ç‡©∞ ‡®™‡®§‡®æ ‡®ï‡®ø ‡®™‡©ú‡®æ‡®à ‡®§‡©ã‡®Ç ‡®¨‡®æ‡®Ö‡®¶ ‡®µ‡©Ä ‡®®‡©å‡®ï‡®∞‡©Ä ‡®®‡®π‡©Ä‡®Ç ‡®Æ‡®ø‡®≤‡®£‡©Ä ‡®§‡®æ ‡®ï‡®∞‡®ï‡©á ‡®∏‡®æ‡®°‡©á ‡®¨‡©±‡®ö‡©á ‡®™‡©ú‡®æ‡®à ‡®π‡©à ‡®®‡®π‡©Ä‡®Ç ‡®ï‡®∞ ‡®∞‡®π‡©á,Drug addiction,@results.other_prio2,Drug addiction
‡®π‡®æ‡®Ç,Dhuri 148024,@results.locality,Education,@results.other_priority,Students nu chhutiaa ght kitiaa Jan ta ke ohna di study regular howe,Drug addiction,@results.other_prio2,Drug addiction
‡®π‡®æ‡®Ç,147001,@results.locality,"Civic services (Garbage, bad roads etc)",@results.other_priority,Na,Other,"Vikas nagar, ranjeet Nagar, Deep Nagar",Other
‡®π‡®æ‡®Ç,140413,@results.locality,Livelihood/Employment,@results.other_priority,https://filemanager.gupshup.io/fm/wamedia/RBGlificAPI/b1865033-3842-44a3-a685-c77ce10c5703,Livelihood/Employment,@results.other_prio2,Livelihood/Employment
‡®π‡®æ‡®Ç,144211,@results.locality,Education,@results.other_priority,Na,Other,O ja prava,Other
‡®π‡®æ‡®Ç,Fardkot.. 151203,@results.locality,Livelihood/Employment,@results.other_priority,Na,Other,MyPunjab,Other
‡®π‡®æ‡®Ç,144514,@results.locality,Livelihood/Employment,@results.other_priority,https://filemanager.gupshup.io/fm/wamedia/RBGlificAPI/d39e50aa-013c-4962-948b-87f00f4f09f7,Livelihood/Employment,@results.other_prio2,Livelihood/Employment
‡®π‡®æ‡®Ç,140405,@results.locality,14040t,@results.other_priority,Bhut sarri ‡®¨‡©á‡®∞‡©Å‡®ú‡®ó‡®æ‡®∞‡©Ä,Livelihood/Employment,@results.other_prio2,Livelihood/Employment
‡®π‡®æ‡®Ç,142042,@results.locality,Livelihood/Employment,@results.other_priority,"Sade areas ch educated Lok ghr vehle bathe a ,  parents Ene aoukhe ho K study krwande a ,",Education,@results.other_prio2,Education
Yes,Na,@results.locality,Education,@results.other_priority,Na,NA,@results.other_prio2,NA
‡®π‡®æ‡®Ç,‡®¶‡®∏‡©Ç‡®π‡®æ 144224,@results.locality,Livelihood/Employment,@results.other_priority,‡®Æ‡©à‡®®‡©Ç‡©∞ ‡®≤‡®ó‡®¶‡®æ ‡®π‡©à ‡®ï‡®ø ‡®¨‡©á‡®∞‡©Å‡®ú‡®º‡®ó‡®æ‡®∞‡©Ä ‡®π‡©Ä ‡®∏‡®≠ ‡®§‡©ã‡®Ç ‡®µ‡©±‡®°‡©Ä ‡®∏‡®Æ‡©±‡®∏‡®ø‡®Ü ‡®π‡©à ‡®∏‡®∞‡®ï‡®æ‡®∞‡©Ä ‡®¶‡®´‡®º‡®§‡®∞ ‡®ñ‡®æ‡®≤‡©Ä ‡®™‡®æ‡®è ‡®π‡®® 20‡®Æ‡©Å‡®≤‡®æ‡®ú‡®Æ‡®æ ‡®¶‡®æ ‡®ï‡©∞‡®Æ 2 ‡®¨‡©∞‡®¶‡©á ‡®ï‡®∞‡®¶‡©á ‡®π‡®® ‡®á‡®∏ ‡®≤‡®à ‡®™‡®π‡®ø‡®≤‡®æ‡®Ç ‡®∞‡©ã‡®ú‡®º‡®ó‡®æ‡®∞ ‡®π‡©à,‡®∏‡®∞‡®ï‡®æ‡®∞‡©Ä ‡®∞‡©Å‡®ú‡®º‡®ó‡®æ‡®∞,@results.other_prio2,‡®∏‡®∞‡®ï‡®æ‡®∞‡©Ä ‡®∞‡©Å‡®ú‡®º‡®ó‡®æ‡®∞
‡®π‡®æ‡®Ç,Idk,Dasuya,Education,@results.other_priority,Na,Other,‡®ï‡®æ‡®≤‡®ú ‡®´‡®º‡©Ä‡®∏ ‡®µ‡®ø‡©±‡®ö ‡®∏‡®π‡®æ‡®á‡®§‡®æ,Other
‡®π‡®æ‡®Ç,144204,@results.locality,Drug addiction,@results.other_priority,kyuki sadde halke vich eh cheez har roz vadd di jaa rhi aa jiss naal bhut loka de ghr khrab ho rhe aa,Livelihood/Employment,@results.other_prio2,Livelihood/Employment
‡®π‡®æ‡®Ç,151001,@results.locality,Livelihood/Employment,@results.other_priority,Na,"Civic services (Garbage, bad roads etc)",@results.other_prio2,"Civic services (Garbage, bad roads etc)"
‡®π‡®æ‡®Ç,147001,@results.locality,Livelihood/Employment,@results.other_priority,Drug addiction,Education,@results.other_prio2,Education
‡®π‡®æ‡®Ç,143416,@results.locality,Study free honi chahdi hai,@results.other_priority,Education,Drug addiction,@results.other_prio2,Drug addiction
‡®π‡®æ‡®Ç,152026,@results.locality,Drug addiction,@results.other_priority,2 ‡®Æ‡©å‡®§‡®æ‡®Ç ‡®π‡©ã ‡®ó‡®à‡®Ü‡®Ç ‡®ö‡®ø‡©±‡®ü‡©á ‡®®‡®æ‡®≤ ‡®á‡®∏ ‡®§‡©ã‡®Ç ‡®™‡®π‡®ø‡®≤‡®æ,Livelihood/Employment,@results.other_prio2,Livelihood/Employment
Yes,140412,@results.locality,Education,@results.other_priority,there is Only  a school in my city which is not developed and teachers do not look after children . Students usually go on bunk,"Civic services (Garbage, bad roads etc)",@results.other_prio2,"Civic services (Garbage, bad roads etc)"
‡®π‡®æ‡®Ç,tarn taran,@results.locality,143412,@results.other_priority,Agriculture reforms,Livelihood/Employment,@results.other_prio2,Livelihood/Employment
‡®π‡®æ‡®Ç,143001,@results.locality,Education,@results.other_priority,Na,Livelihood/Employment,@results.other_prio2,Livelihood/Employment
‡®π‡®æ‡®Ç,Gurdaspur -pincode143605,@results.locality,best roads,@results.other_priority,Sade pind nu aunde road bhut kharab han jis krn bhut accidents hunde ne te kyi vri lok  apni jann to vi hath toh behde han ?,Berujgari khatam honi chahidi aa,@results.other_prio2,Berujgari khatam honi chahidi aa
No,@results.pin_constituency,@results.locality,@results.priority_1,@results.other_priority,@results.why_priority,@results.priority2,@results.other_prio2,@results.priority2
Yes,143505,@results.locality,"Civic services (Garbage, bad roads etc)",@results.other_priority,Na,Drug addiction,@results.other_prio2,Drug addiction
‡§π‡§æ‡§Å,14421,@results.locality,Livelihood/Employment,@results.other_priority,Na,Livelihood/Employment,@results.other_prio2,Livelihood/Employment
‡®π‡®æ‡®Ç,144223,@results.locality,Other,‡®ú‡®æ‡®§ ‡®¶‡®æ,‡®ï‡®ø‡®â‡®ï‡®ø ‡®ú‡®ø‡©±‡®•‡©á ‡®á‡®ï sc ‡®®‡®æ‡®ó‡®∞‡®ø‡®ï ‡®®‡©Ç‡©∞ 100 ‡®µ‡®ø‡©±‡®ö 50 ‡®®‡©∞‡®¨‡®∞ ‡®π‡©Ä ‡®π‡®æ‡®∏‡®≤ ‡®ï‡®∞‡®®‡©á ‡®™‡©à‡®Ç‡®¶‡©á ‡®®‡©á ‡®â‡®•‡©á ‡®ú‡®∞‡®®‡®≤ ‡®®‡®æ‡®ó‡®∞‡®ø‡®ï ‡®®‡©Ç‡©∞ 90 ‡®®‡©∞‡®¨‡®∞ ‡®π‡®æ‡®∏‡®≤ ‡®ï‡®∞‡®®‡®æ ‡®ú‡®∞‡©Ç‡®∞‡©Ä ‡®ï‡®ø‡®â ‡®π‡©à,Livelihood/Employment,@results.other_prio2,Livelihood/Employment
‡®π‡®æ‡®Ç,143505,@results.locality,Livelihood/Employment,@results.other_priority,Sare berojgar bethe aa koi kmm kaar ni mil rhaa????,Livelihood/Employment,@results.other_prio2,Livelihood/Employment
‡®π‡®æ‡®Ç,Idk,Abhour,Livelihood/Employment,@results.other_priority,‡®π‡®∞ ‡®ï‡©ã‡®à ‡®°‡®ø‡®ó‡®∞‡©Ä ‡®ï‡®∞‡©Ä ‡®´‡®ø‡®∞‡®¶‡®æ ‡®π‡©à ‡®™‡®∞ ‡®∞‡©Å‡®ú‡®º‡®ó‡®æ‡®∞ ‡®ï‡®ø‡®∏‡©á ‡®ï‡®ø‡®∏‡©á ‡®®‡©Ç‡©∞ ‡®π‡©Ä ‡®Æ‡®ø‡®≤‡®ø‡®Ü ‡®π‡©ã‡®á‡®Ü ‡®π‡©à‡•§,"Civic services (Garbage, bad roads etc)",@results.other_prio2,"Civic services (Garbage, bad roads etc)"
Yes,Na,@results.locality,Education,@results.other_priority,Na,Livelihood/Employment,@results.other_prio2,Livelihood/Employment
Yes,hoshiarpur 144216,@results.locality,Other,Hospital,Na,Education,@results.other_prio2,Education
‡®π‡®æ‡®Ç,142047,@results.locality,Drug addiction,@results.other_priority,‡®¨‡©á‡®∞‡©Å‡®ú‡®º‡®ó‡®æ‡®∞‡©Ä ‡®¶‡©Ç‡®∞ ‡®ï‡®∞‡©ã ‡®Ö‡®§‡©á Drug addiction ‡®¨‡©∞‡®¶ ‡®ï‡®∞‡©ã ‡®®‡®æ‡®≤ ‡®π‡©Ä ‡®π‡®∞ ‡®ñ‡©á‡®§‡®∞ ‡®¶‡©Ä ‡®∏‡®æ‡®´ ‡®∏‡®´‡®æ‡®à ‡®ï‡®∞‡©ã,Education,@results.other_prio2,Education
‡®π‡®æ‡®Ç,143001,@results.locality,Livelihood/Employment,@results.other_priority,https://filemanager.gupshup.io/fm/wamedia/RBGlificAPI/50613901-5d2e-4ede-b2df-9c9b2012b697,https://filemanager.gupshup.io/fm/wamedia/RBGlificAPI/a350ae56-6c9f-4d6a-8714-98c7b64c3c87,@results.other_prio2,https://filemanager.gupshup.io/fm/wamedia/RBGlificAPI/a350ae56-6c9f-4d6a-8714-98c7b64c3c87
‡®π‡®æ‡®Ç,Idk,Gurdaspur,"Civic services (Garbage, bad roads etc)",@results.other_priority,Kyu ki sarka ta kura bhot hunda.      Safie di lor a,Drug addiction,@results.other_prio2,Drug addiction
Yes,Na,@results.locality,2,@results.other_priority,Livelihood/Employment,Livelihood/Employment,@results.other_prio2,Livelihood/Employment
‡®π‡®æ‡®Ç,143102,@results.locality,Livelihood/Employment,@results.other_priority,https://filemanager.gupshup.io/fm/wamedia/RBGlificAPI/6db1bbb2-7981-4fa9-bef8-be5b7775e1f4,Education,@results.other_prio2,Education
Yes,140401,@results.locality,Education,@results.other_priority,Because all need right to education in low cost,Education,@results.other_prio2,Education
Yes,143601,@results.locality,Other,Hlo,Job,Education,@results.other_prio2,Education
Yes,143601,@results.locality,Education,@results.other_priority,NA,Livelihood/Employment,@results.other_prio2,Livelihood/Employment
‡®π‡®æ‡®Ç,146024,@results.locality,Education,@results.other_priority,MyPunjab,Education,@results.other_prio2,Education
‡®π‡®æ‡®Ç,140308,@results.locality,Livelihood/Employment,@results.other_priority,‡®ï‡®ø‡®â‡®ï‡®ø ‡®®‡©å‡®ú‡®µ‡®æ‡®® ‡®®‡©Ç‡©∞ ‡®ï‡©∞‡®Æ ‡®®‡®π‡©Ä‡®Ç ‡®Æ‡®ø‡®≤ ‡®∞‡®ø‡®π‡®æ ‡®ú‡®ø‡®∏ ‡®ï‡®æ‡®∞‡®® ‡®â‡®π ‡®®‡®∏‡®º‡©á ‡®µ‡©±‡®≤ ‡®µ‡©±‡®ß ‡®∞‡®π‡©á ‡®π‡®®,"Civic services (Garbage, bad roads etc)",@results.other_prio2,"Civic services (Garbage, bad roads etc)"
‡®π‡®æ‡®Ç,Garhshanker,@results.locality,Education,@results.other_priority,Sade bache private school vich study karde ne te othe kharcha bhut hai,Drug addiction,@results.other_prio2,Drug addiction
‡®π‡®æ‡®Ç,Idk,Patiala,"Civic services (Garbage, bad roads etc)",@results.other_priority,https://filemanager.gupshup.io/fm/wamedia/RBGlificAPI/762167ae-ccf8-45f6-9d11-601bc00c5348,Na,@results.other_prio2,Na
‡®π‡®æ‡®Ç,140401,@results.locality,Job,@results.other_priority,Livelihood/Employment,Livelihood/Employment,@results.other_prio2,Livelihood/Employment
‡®π‡®æ‡®Ç,147001,@results.locality,Livelihood/Employment,@results.other_priority,Na,Livelihood/Employment,@results.other_prio2,Livelihood/Employment
‡®π‡®æ‡®Ç,Idk,Bathinda,Education,@results.other_priority,Jobs provide kro har student nu,Drug addiction,@results.other_prio2,Drug addiction
‡®π‡®æ‡®Ç,182,@results.locality,Livelihood/Employment,@results.other_priority,https://filemanager.gupshup.io/fm/wamedia/RBGlificAPI/9d3cda66-cdf5-4375-88cc-904c2ecf03d7,Agriculture reforms,@results.other_prio2,Agriculture reforms
‡®π‡®æ‡®Ç,Idk,Gurdaspur,Education system,@results.other_priority,Na,MyPunjab,@results.other_prio2,MyPunjab
‡®®‡®æ‡®Ç‡®π,@results.pin_constituency,@results.locality,@results.priority_1,@results.other_priority,@results.why_priority,@results.priority2,@results.other_prio2,@results.priority2
‡®π‡®æ‡®Ç,143521,@results.locality,Education system,@results.other_priority,Na,Education system free kro... Feese's less kro,@results.other_prio2,Education system free kro... Feese's less kro
‡§π‡§æ‡§Å,144214,@results.locality,Drug addiction,@results.other_priority,Kyuki AJ kal nsha bhut ho gya hai,SB logg nsha kr rha hai,@results.other_prio2,SB logg nsha kr rha hai
Yes,144205,@results.locality,Livelihood/Employment,@results.other_priority,NA,"Civic services (Garbage, bad roads etc)",@results.other_prio2,"Civic services (Garbage, bad roads etc)"
‡®π‡®æ‡®Ç,144622,@results.locality,Livelihood/Employment,@results.other_priority,Na,Drug addiction,@results.other_prio2,Drug addiction
‡®π‡®æ‡®Ç,144401,@results.locality,Livelihood/Employment,@results.other_priority,Na,"Civic services (Garbage, bad roads etc)",@results.other_prio2,"Civic services (Garbage, bad roads etc)"
‡®π‡®æ‡®Ç,144101,@results.locality,Drug addiction,@results.other_priority,https://filemanager.gupshup.io/fm/wamedia/RBGlificAPI/95f1d208-4b61-4a91-bb61-59acbadc84b5,Drug addiction,@results.other_prio2,Drug addiction
‡®π‡®æ‡®Ç,144401,@results.locality,Livelihood/Employment,@results.other_priority,Na,Education,@results.other_prio2,Education
‡®π‡®æ‡®Ç,143401,@results.locality,Other,https://filemanager.gupshup.io/fm/wamedia/RBGlificAPI/de4b7a84-a10f-4f76-9b1a-866882b36777,https://filemanager.gupshup.io/fm/wamedia/RBGlificAPI/09885c05-206a-4f3b-97b2-6bbc6aa50837,Education,@results.other_prio2,Education
‡®π‡®æ‡®Ç,143601,@results.locality,Livelihood/Employment,@results.other_priority,MyPunjab,Livelihood/Employment,@results.other_prio2,Livelihood/Employment
‡®π‡®æ‡®Ç,Free nhi as time,@results.locality,Livelihood/Employment,@results.other_priority,Na,Drug addiction,@results.other_prio2,Drug addiction
‡®π‡®æ‡®Ç,Idk,Datarpur,Agriculture reforms,@results.other_priority,Na,Livelihood/Employment,@results.other_prio2,Livelihood/Employment
‡®π‡®æ‡®Ç,141116,@results.locality,Livelihood/Employment,@results.other_priority,"‡®ï‡®ø‡®â‡®Ç‡®ï‡®ø ‡®∞‡©Å‡®ú‡®º‡®ó‡®æ‡®∞ ‡®á‡®ï ‡®ö‡©á‡®® ‡®¶‡©Ä ‡®§‡®∞‡©ç‡®π‡®æ‡®Ç ‡®ï‡©∞‡®Æ ‡®ï‡®∞‡©á‡®ó‡®æ ‡®ú‡®ø‡®∏ ‡®®‡®æ‡®≤ ‡®®‡®µ‡©Ä‡®Ü‡®Ç ‡®®‡®µ‡©Ä‡®Ü‡®Ç ‡®á‡©∞‡®°‡®∏‡®ü‡®∞‡©Ä ‡®Ö‡®§‡©á ‡®Æ‡©à‡®®‡©Ç‡®´‡©à‡®ï‡®ö‡®∞‡®ø‡©∞‡®ó ‡®™‡®≤‡®æ‡®Ç‡®ü ‡®µ‡©Ä ‡®≤‡©±‡®ó‡®£‡®ó‡©á ‡•§
‡®ú‡®ø‡®∏ ‡®®‡®æ‡®≤ ‡®¨‡®π‡©Å‡®§ ‡®∏‡®æ‡®∞‡©Ä‡®Ü‡®Ç ‡®ö‡©Ä‡®ú‡®º‡®æ‡®Ç ‡®¨‡®æ‡®π‡®∞ ‡®µ‡®ø‡®¶‡©á‡®∏‡®º‡©Ä ‡®¶‡©á‡®∏‡®º‡®æ‡®Ç ‡®®‡®æ‡®≤‡©ã‡®Ç ‡®á‡©±‡®•‡©á ‡®π‡©Ä ‡®¨‡®£‡®® ‡®≤‡©±‡®ó ‡®ú‡®æ‡®£‡®ó‡©Ä‡®Ü‡®Ç ‡®Ö‡®§‡©á ‡®®‡®æ‡®≤ ‡®π‡©Ä ‡®ú‡®ø‡®•‡©ã‡®Ç ‡®§‡©±‡®ï ‡®ó‡©±‡®≤ ‡®®‡®∏‡®º‡©á ‡®¶‡©Ä ‡®π‡©à ‡®®‡®∏‡®º‡®æ ‡®µ‡©Ä ‡®ï‡©ã‡®à  ‡®∏‡®º‡©å‡®ï ‡®®‡®æ‡®≤ ‡®®‡®π‡©Ä‡®Ç ‡®ï‡®∞‡®¶‡®æ ‡®â‡®®‡©ç‡®π‡®æ‡®Ç ‡®≤‡©ã‡®ï‡®æ‡®Ç ‡®®‡©Ç‡©∞ ‡®µ‡©Ä ‡®ï‡©ã‡®à ‡®®‡®æ ‡®ï‡©ã‡®à  ‡®¶‡©Ä ‡®™‡®∞‡©á‡®∏‡®º‡®æ‡®®‡©Ä ‡®π‡©Ä ‡®π‡©Å‡©∞‡®¶‡©Ä ‡®π‡©à ‡®Ö‡®§‡©á ‡®ú‡®º‡®ø‡®Ü‡®¶‡®æ‡®§‡®∞ ‡®™‡®∞‡©á‡®∏‡®º‡®æ‡®®‡©Ä ‡®π‡®∞ ‡®á‡®ï ‡®á‡®®‡®∏‡®æ‡®® ‡®®‡©Ç‡©∞ ‡®™‡©à‡®∏‡©á ‡®¶‡©Ä ‡®π‡©Ä ‡®π‡©Å‡©∞‡®¶‡©Ä ‡®π‡©à, ‡®Ö‡®ó‡®∞ ‡®≤‡©ã‡®ï‡®æ‡®Ç ‡®®‡©Ç‡©∞ ‡®∞‡©Å‡®ú‡®º‡®ó‡®æ‡®∞ ‡®Æ‡®ø‡®≤‡©á‡®ó‡®æ ‡®§‡®æ‡®Ç ‡®â‡®®‡©ç‡®π‡®æ‡®Ç ‡®µ‡®ø‡©±‡®ö‡©ã‡®Ç ‡®ú‡©ã ‡®®‡®∏‡®º‡©á ‡®¶‡©Ä ‡®Ü‡®¶‡©Ä ‡®π‡®® ‡®â‡®π ‡®µ‡©Ä ‡®∞‡©Å‡®ú‡®º‡®ó‡®æ‡®∞ ‡®π‡®æ‡®∏‡®≤ ‡®ï‡®∞‡®® ‡®§‡©ã‡®Ç ‡®¨‡®æ‡®Ö‡®¶ ‡®ï‡®æ‡®´‡©Ä ‡®π‡©±‡®¶ ‡®§‡©±‡®ï ‡®®‡®∏‡®º‡©á ‡®§‡©ã‡®Ç ‡®õ‡©Å‡®ü‡®ï‡®æ‡®∞‡®æ ‡®™‡®æ ‡®∏‡®ï‡®£‡®ó‡©á‡•§",Education,@results.other_prio2,Education
‡®π‡®æ‡®Ç,Hoshiarpur 146110,@results.locality,Nokari,@results.other_priority,MYPUNJAB,Drug addiction,@results.other_prio2,Drug addiction
‡®π‡®æ‡®Ç,I don't no,@results.locality,Sab nu kam mila,@results.other_priority,Na,Education,@results.other_prio2,Education
Yes,Yes,@results.locality,Education,@results.other_priority,Yes,Education,@results.other_prio2,Education
‡§π‡§æ‡§Å,145026,@results.locality,Yes,@results.other_priority,Kal,Yes,@results.other_prio2,Yes
‡®π‡®æ‡®Ç,152122,@results.locality,Drug addiction,@results.other_priority,https://filemanager.gupshup.io/fm/wamedia/RBGlificAPI/93f814b8-a1a5-439b-ac42-3c4d4e00023a,Livelihood/Employment,@results.other_prio2,Livelihood/Employment
‡®π‡®æ‡®Ç,Hoshairpur 146001,@results.locality,Livelihood/Employment,@results.other_priority,‡®∏‡©ú‡®ï‡®æ‡®Ç ‡®¶‡©Ä ‡®∏‡®Æ‡®∏‡®ø‡®Ü,‡®∞‡©ã‡®ú‡®ó‡®æ‡®∞ ‡®¶‡©Ä,@results.other_prio2,‡®∞‡©ã‡®ú‡®ó‡®æ‡®∞ ‡®¶‡©Ä
‡®π‡®æ‡®Ç,Fathegarh sahib 140406,@results.locality,Livelihood/Employment,@results.other_priority,Rosgar jauri a,Livelihood/Employment,@results.other_prio2,Livelihood/Employment
‡®π‡®æ‡®Ç,Idk,Mohali,"Civic services (Garbage, bad roads etc)",@results.other_priority,Na,Education,@results.other_prio2,Education
Yes,151203,@results.locality,Education,@results.other_priority,Na,Livelihood/Employment,@results.other_prio2,Livelihood/Employment
‡®π‡®æ‡®Ç,147001,@results.locality,Livelihood/Employment,@results.other_priority,NA,Education,@results.other_prio2,Education
Yes,Faridkot,@results.locality,Education,@results.other_priority,"Almost every problem is associated with lack of awareness, unemployable educated youth , lack of skills","Civic services (Garbage, bad roads etc)",@results.other_prio2,"Civic services (Garbage, bad roads etc)"
‡®π‡®æ‡®Ç,147001,@results.locality,Livelihood/Employment,@results.other_priority,‡®™‡©∞‡®ú‡®æ‡®¨ ‡®µ‡®ø‡©±‡®ö ‡®¨‡®π‡©Å‡®§ ‡®¨‡©á‡®∞‡©Å‡©õ‡®æ‡®∞‡©Ä ‡®´‡©à‡®≤‡©Ä ‡®π‡©ã‡®à ‡®π‡©à‡•§ ‡®®‡©ã‡®ú‡®µ‡®æ‡®® ‡®®‡©±‡®∏‡©á ‡®µ‡©±‡®≤ ‡®§‡©Å‡®∞ ‡®∞‡®π‡©á ‡®π‡®®‡•§ ‡®ú‡©á ‡®®‡©ã‡®ú‡®µ‡®æ‡®® ‡®®‡©Ç‡©∞ ‡®∞‡©ã‡®ú‡®ó‡®æ‡®∞ ‡®¶‡®ø‡©±‡®§‡®æ ‡®ú‡®æ‡®ì‡®ó‡®æ ‡®§‡®æ ‡®®‡©ã‡®ú‡®µ‡®æ‡®® ‡®®‡©±‡®∏‡©á ‡®µ‡©±‡®≤ ‡®ò‡©±‡®ü ‡®ß‡®ø‡®Ü‡®® ‡®¶‡©á‡®£‡®ó‡©á ‡®Ö‡®§‡©á ‡®â‡®π ‡®Ü‡®™‡®£‡©á ‡®ï‡©∞‡®Æ ‡®µ‡®ø‡©±‡®ö ‡®µ‡®ø‡®Ö‡®∏‡®§ ‡®∞‡®π‡®ø‡®£‡®ó‡©á‡•§ ‡®®‡©ã‡®ú‡®µ‡®æ‡®® ‡®¨‡®π‡©Å‡®§ ‡®™‡©ú‡©ç‡®π‡©á ‡®π‡©ã‡®è ‡®π‡®® ‡®ú‡©ã ‡®™‡©∞‡®ú‡®æ‡®¨ ‡®µ‡®ø‡©±‡®ö ‡®∞‡©ã‡®ú‡®ó‡®æ‡®∞ ‡®®‡®æ ‡®Æ‡®ø‡®≤‡®£ ‡®ï‡®æ‡®∞‡®® ‡®â‡®π ‡®µ‡®ø‡®¶‡©á‡®∂‡®æ ‡®µ‡®ø‡©±‡®ö ‡®ú‡®æ ‡®∞‡®π‡©á ‡®π‡®®‡•§ ‡®á‡®∏ ‡®ï‡®∞‡®ï‡©á ‡®∏‡®∞‡®ï‡®æ‡®∞ ‡®®‡©Ç‡©∞ ‡©õ‡®ø‡®Ü‡®¶‡®æ ‡®ß‡®ø‡®Ü‡®® ‡®∞‡©Å‡®ú‡®ó‡®æ‡®∞ ‡®µ‡©±‡®≤ ‡®¶‡©á‡®£‡®æ ‡®ö‡®æ‡®π‡©Ä‡®¶‡®æ ‡®π‡©à‡•§ ‡®§‡®æ ‡®ú‡©ã ‡®®‡©ã‡®ú‡®µ‡®æ‡®® ‡®Ü‡®™‡®£‡©á ‡®™‡©∞‡®ú‡®æ‡®¨ ‡®®‡©Ç‡©∞ ‡®õ‡©±‡®° ‡®ï‡©á ‡®µ‡®ø‡®¶‡©á‡®∂‡®æ ‡®µ‡®ø‡©±‡®ö ‡®®‡®æ ‡®ú‡®æ‡®£‡•§ ‡®ï‡©ç‡®∞‡®ø‡®™‡®æ ‡®ï‡®∞‡®ï‡©á ‡©õ‡®ø‡®Ü‡®¶‡®æ ‡®ß‡®ø‡®Ü‡®® ‡®∞‡©Å‡©õ‡®ó‡®æ‡®∞ ‡®µ‡©±‡®≤ ‡®¶‡®ø‡©±‡®§‡®æ ‡®ú‡®æ‡®µ‡©á‡•§ ‡®á‡®π‡©Ä ‡®π‡©Ä ‡®Æ‡©á‡®∞‡©Ä ‡®Ö‡®™‡©Ä‡®≤ ‡®π‡©à ‡®∏‡®∞‡®ï‡®æ‡®∞ ‡®®‡©Ç‡©∞‡•§,Drug addiction,@results.other_prio2,Drug addiction
Yes,147001,@results.locality,Livelihood/Employment,@results.other_priority,Patiala,Livelihood/Employment,@results.other_prio2,Livelihood/Employment
‡®π‡®æ‡®Ç,Nhi,@results.locality,Nho,@results.other_priority,Lum,Lun,@results.other_prio2,Lun
‡®π‡®æ‡®Ç,148105,@results.locality,Drug addiction,@results.other_priority,Na,Education,@results.other_prio2,Education
‡®π‡®æ‡®Ç,144221,@results.locality,Other,‡®õ‡©ã‡®ü‡©Ä ‡®â‡®Æ‡®∞ ‡®¶‡©á ‡®¨‡©±‡®ö‡®ø‡®Ü ‡®§‡©á ‡®ï‡®ø‡®§‡©á ‡®®‡®ú‡®æ‡®á‡®ú ‡®™‡®∞‡®ö‡©á,‡®á‡®π ‡®á‡®∏ ‡®ï‡®∞‡®ï‡©á ‡®ú‡®∞‡©Ç‡®∞‡©Ä ‡®π‡®® ‡®ï‡®ø‡®â‡®Ç‡®ï‡®ø ‡®¨‡®ö‡®ø‡®Ü ‡®¶‡©Ä ‡®∏‡®æ‡®∞‡©Ä ‡®ì‡®Æ‡®∞‡®æ ‡®™‡®à ‡®π‡©Å‡©∞‡®¶‡©Ä ‡®π‡©à‡•§‡®ú‡®ø‡®∏ ‡®ï‡®∞‡®ï‡©á ‡®â‡®π ‡®π‡©Å‡®£ ‡®π‡©Ä ‡®Ü‡®π ‡®ï‡©∞‡®Æ‡®æ ‡®µ‡®ø‡®ö ‡®´‡®∏ ‡®ú‡®æ‡®Ç‡®µ‡©á ‡®§‡®æ ‡®Ö‡®ó‡©á ‡®ú‡®æ ‡®ï‡©á Other ‡®µ‡©Ä ‡®µ‡®°‡©á ‡®µ‡®°‡©á ‡®Ö‡®™‡®∞‡®æ‡®ß‡®ø‡®ï ‡®ò‡®ü‡®®‡®æ‡®µ‡®æ ‡®µ‡®ø‡®ö ‡®∏‡®º‡®æ‡®Æ‡®ø‡®≤ ‡®π‡©ã ‡®∏‡®ï‡®¶‡®æ ‡®π‡©à ‡•§‡®ú‡®ø‡®∏ ‡®¶‡®æ ‡®Ö‡©∞‡®ú‡®æ‡®Æ ‡®ö‡©∞‡®ó ‡®®‡®π‡©Ä ‡®π‡©ã ‡®∏‡®ï‡®¶‡®æ ‡®π‡©à‡•§,Drug addiction,@results.other_prio2,Drug addiction
‡®π‡®æ‡®Ç,147001 patiala,@results.locality,Livelihood/Employment,@results.other_priority,Bhut lok Be  Ruzgar aa smasiyawa bhut ne is lyi,Drug addiction,@results.other_prio2,Drug addiction
Yes,Majitha,@results.locality,Education,@results.other_priority,Na,Education,@results.other_prio2,Education
‡®π‡®æ‡®Ç,151202,@results.locality,Livelihood/Employment,@results.other_priority,"Bilkul,  J rujgaar milega tan insaan baki sarieya problems nu solve krn de able ho jaayega, rujgaar milega tan ohnu education di kdr v pta hovegi. Oh aapne bache v educate krega. Aapne km ch busy hovega tan nasha v nhi krega, job te hovega tan civil services ch seva nibha paavega. Ghar de halaat v bdl jange. Sade area ch bahot educated people unemployed ne. Meri family ch asi 4 bache Post Graduate te b.ed wale aa, 2 bache Graduate  ne, asi sare unemployed aa, study te ena paisa laa lya, Dasso asi ki krieye, test clear krke v mul ni pya.",Livelihood/Employment,@results.other_prio2,Livelihood/Employment
‡®π‡®æ‡®Ç,146001,@results.locality,Drug addiction,@results.other_priority,Ha,Livelihood/Employment,@results.other_prio2,Livelihood/Employment
‡®π‡®æ‡®Ç,‡®∏‡®Æ‡®æ‡®£‡®æ 147001,@results.locality,Education,@results.other_priority,https://filemanager.gupshup.io/fm/wamedia/RBGlificAPI/49a7a811-6ccc-40a8-a1de-7298244a0b13,Agriculture reforms,@results.other_prio2,Agriculture reforms
‡®π‡®æ‡®Ç,141109,@results.locality,Livelihood/Employment,@results.other_priority,"‡®ú‡®ø‡®Ü‡®¶‡®æ‡®§‡®∞ ‡®á‡®∏ ‡®∏‡®π‡®ø‡®∞ ‡®¶‡©á ‡®≤‡©ã‡®ï ‡®µ‡®ø‡®π‡®≤‡©á ‡®π‡®®‡•§ ‡®ï‡®ø‡®â‡®Ç‡®ï‡®ø ‡®â‡®π‡®®‡®æ‡®Ç ‡®ï‡©ã‡®≤ ‡®ï‡©ã‡®à ‡®∞‡©Å‡®ú‡®ó‡®æ‡®∞ ‡®®‡®π‡©Ä‡®Ç ‡®π‡©à‡•§ ‡®§‡©á ‡®™‡©à‡®∏‡©á ‡®ï‡®Æ‡©å‡®£ ‡®≤‡®à ‡®â‡®π ‡®á‡©∞‡®°‡©Ä‡®Ü ‡®§‡©ã‡®Ç ‡®¨‡®æ‡®π‡®∞ ‡®ú‡®æ ‡®ï‡©á ‡®ï‡©∞‡®Æ ‡®ï‡©á ‡®∞‡®π‡©á ‡®π‡®®‡•§ ‡®á‡®∏ ‡®≤‡®à ‡®á‡®∏ ‡®π‡®≤‡®ï‡©á ‡®µ‡®ø‡©±‡®ö ‡®µ‡©±‡®ß ‡®§‡©ã‡®Ç ‡®µ‡©±‡®ß ‡®∞‡©Å‡®ú‡®ó‡®æ‡®∞ ‡®¶‡®ø‡©±‡®§‡®æ ‡®ú‡®æ‡®µ‡©á‡•§
‡®ß‡©∞‡®®‡®µ‡®æ‡®¶",Education,@results.other_prio2,Education
‡®π‡®æ‡®Ç,143520,@results.locality,Livelihood/Employment,@results.other_priority,"Highly educated students in our district are unemployed and going for drugs, accusing the perpetrators of theft and they should get employment.","Civic services (Garbage, bad roads etc)",@results.other_prio2,"Civic services (Garbage, bad roads etc)"
Yes,Pincode - 144211,@results.locality,Livelihood/Employment,@results.other_priority,"Unemployment include severe financial hardship and poverty, debt, homelessness and family tensions.",Drug addiction,@results.other_prio2,Drug addiction
Yes,Pincode - 144211,@results.locality,Livelihood/Employment,@results.other_priority,"Unemployment include severe financial hardship and poverty, debt, homelessness and family tensions.",Drug addiction,@results.other_prio2,Drug addiction
2,2,@results.locality,2,@results.other_priority,Only punjabi,Vich pejo,@results.other_prio2,Vich pejo
‡®π‡®æ‡®Ç,‡®ú‡©á ‡®§‡©Å‡®∏‡©Ä‡®Ç ‡®®‡®π‡©Ä‡®Ç ‡®ú‡®æ‡®£‡®¶‡©á ‡®π‡©ã,@results.locality,Drug addiction,@results.other_priority,Na,Sade Punjab nu bachya ja ske,@results.other_prio2,Sade Punjab nu bachya ja ske
‡®π‡®æ‡®Ç,Batala,@results.locality,Livelihood/Employment,@results.other_priority,https://filemanager.gupshup.io/fm/wamedia/RBGlificAPI/408d3df8-1226-490a-82dc-4b05ebb5738a,"Civic services (Garbage, bad roads etc)",@results.other_prio2,"Civic services (Garbage, bad roads etc)"
‡®π‡®æ‡®Ç,Ninjaready,@results.locality,Help,@results.other_priority,Help,Help,@results.other_prio2,Help
No,@results.pin_constituency,@results.locality,@results.priority_1,@results.other_priority,@results.why_priority,@results.priority2,@results.other_prio2,@results.priority2
‡®®‡®æ‡®Ç‡®π,@results.pin_constituency,@results.locality,@results.priority_1,@results.other_priority,@results.why_priority,@results.priority2,@results.other_prio2,@results.priority2
‡®π‡®æ‡®Ç,Fazilka,@results.locality,‡®Ü‡®ú‡©Ä‡®µ‡®ø‡®ï‡®æ/‡®∞‡©Å‡®ú‡®º‡®ó‡®æ‡®∞,@results.other_priority,Na,‡®∏‡®ø‡©±‡®ñ‡®ø‡®Ü,@results.other_prio2,‡®∏‡®ø‡©±‡®ñ‡®ø‡®Ü
No,@results.pin_constituency,@results.locality,@results.priority_1,@results.other_priority,@results.why_priority,@results.priority2,@results.other_prio2,@results.priority2
‡®π‡®æ‡®Ç,146001,@results.locality,‡®®‡®∏‡®º‡®æ‡®ñ‡©ã‡®∞‡©Ä,@results.other_priority,Boht lok mar rahe aa drugs krke,‡®Ü‡®ú‡©Ä‡®µ‡®ø‡®ï‡®æ/‡®∞‡©Å‡®ú‡®º‡®ó‡®æ‡®∞,@results.other_prio2,‡®Ü‡®ú‡©Ä‡®µ‡®ø‡®ï‡®æ/‡®∞‡©Å‡®ú‡®º‡®ó‡®æ‡®∞
‡®π‡®æ‡®Ç,Halka urmur,@results.locality,Rap cas,@results.other_priority,Huni Himachal Pradesh vich vi te Delhi vich vi age panjab vich hi sakda he,Barujgari,@results.other_prio2,Barujgari
‡®π‡®æ‡®Ç,146001,@results.locality,‡®®‡®∏‡®º‡®æ‡®ñ‡©ã‡®∞‡©Ä,@results.other_priority,https://filemanager.gupshup.io/fm/wamedia/RBGlificAPI/eb2a8601-742f-41a2-9343-7aedf455a147,‡®∏‡®ø‡®µ‡®≤ ‡®∏‡©á‡®µ‡®æ‡®µ‡®æ‡®Ç,@results.other_prio2,‡®∏‡®ø‡®µ‡®≤ ‡®∏‡©á‡®µ‡®æ‡®µ‡®æ‡®Ç
‡§®‡§æ,@results.pin_constituency,@results.locality,@results.priority_1,@results.other_priority,@results.why_priority,@results.priority2,@results.other_prio2,@results.priority2